East Asia & Pacific,Singapore,Health: Population: Structure,Population ages 65 and above (% of total),1993,6.00131255924746
East Asia & Pacific,Singapore,Health: Population: Structure,Population ages 65 and above (% of total),1992,5.85726714524895
East Asia & Pacific,Singapore,Health: Population: Structure,Population ages 65 and above (% of total),1991,5.72121915130879
East Asia & Pacific,Singapore,Health: Population: Structure,Population ages 65 and above (% of total),1990,5.59246121204084
East Asia & Pacific,Solomon Islands,Health: Population: Structure,Population ages 65 and above (% of total),2010,3.29432871448202
East Asia & Pacific,Solomon Islands,Health: Population: Structure,Population ages 65 and above (% of total),2009,3.24476899257334
East Asia & Pacific,Solomon Islands,Health: Population: Structure,Population ages 65 and above (% of total),2008,3.18348860769551
East Asia & Pacific,Solomon Islands,Health: Population: Structure,Population ages 65 and above (% of total),2007,3.11497231113143
East Asia & Pacific,Solomon Islands,Health: Population: Structure,Population ages 65 and above (% of total),2006,3.0473294003112
East Asia & Pacific,Solomon Islands,Health: Population: Structure,Population ages 65 and above (% of total),2005,2.9867506488304
East Asia & Pacific,Solomon Islands,Health: Population: Structure,Population ages 65 and above (% of total),2004,2.9457824878069
East Asia & Pacific,Solomon Islands,Health: Population: Structure,Population ages 65 and above (% of total),2003,2.91630820518335
East Asia & Pacific,Solomon Islands,Health: Population: Structure,Population ages 65 and above (% of total),2002,2.89427514354105
East Asia & Pacific,Solomon Islands,Health: Population: Structure,Population ages 65 and above (% of total),2001,2.86705939296635
East Asia & Pacific,Solomon Islands,Health: Population: Structure,Population ages 65 and above (% of total),2000,2.82148539055527
East Asia & Pacific,Solomon Islands,Health: Population: Structure,Population ages 65 and above (% of total),1999,2.80848900749777
East Asia & Pacific,Solomon Islands,Health: Population: Structure,Population ages 65 and above (% of total),1998,2.77959174266113
East Asia & Pacific,Solomon Islands,Health: Population: Structure,Population ages 65 and above (% of total),1997,2.73996403928826
East Asia & Pacific,Solomon Islands,Health: Population: Structure,Population ages 65 and above (% of total),1996,2.7008591428061
East Asia & Pacific,Solomon Islands,Health: Population: Structure,Population ages 65 and above (% of total),1995,2.67205959313655
East Asia & Pacific,Solomon Islands,Health: Population: Structure,Population ages 65 and above (% of total),1994,2.67802433786686
East Asia & Pacific,Solomon Islands,Health: Population: Structure,Population ages 65 and above (% of total),1993,2.698754013373
East Asia & Pacific,Solomon Islands,Health: Population: Structure,Population ages 65 and above (% of total),1992,2.72892019006983
East Asia & Pacific,Solomon Islands,Health: Population: Structure,Population ages 65 and above (% of total),1991,2.75841428589243
East Asia & Pacific,Solomon Islands,Health: Population: Structure,Population ages 65 and above (% of total),1990,2.77730568319924
East Asia & Pacific,Thailand,Health: Population: Structure,Population ages 65 and above (% of total),2010,8.89878975632828
East Asia & Pacific,Thailand,Health: Population: Structure,Population ages 65 and above (% of total),2009,8.63080783390721
East Asia & Pacific,Thailand,Health: Population: Structure,Population ages 65 and above (% of total),2008,8.38853115622402
East Asia & Pacific,Thailand,Health: Population: Structure,Population ages 65 and above (% of total),2007,8.16361174949255
East Asia & Pacific,Thailand,Health: Population: Structure,Population ages 65 and above (% of total),2006,7.94160154111359
East Asia & Pacific,Thailand,Health: Population: Structure,Population ages 65 and above (% of total),2005,7.70998281564339
East Asia & Pacific,Thailand,Health: Population: Structure,Population ages 65 and above (% of total),2004,7.49998142330281
East Asia & Pacific,Thailand,Health: Population: Structure,Population ages 65 and above (% of total),2003,7.274393327431
East Asia & Pacific,Thailand,Health: Population: Structure,Population ages 65 and above (% of total),2002,7.03632737771274
East Asia & Pacific,Thailand,Health: Population: Structure,Population ages 65 and above (% of total),2001,6.79700571349059
East Asia & Pacific,Thailand,Health: Population: Structure,Population ages 65 and above (% of total),2000,6.56545684403197
East Asia & Pacific,Thailand,Health: Population: Structure,Population ages 65 and above (% of total),1999,6.33422681078763
East Asia & Pacific,Thailand,Health: Population: Structure,Population ages 65 and above (% of total),1998,6.11254279809493
East Asia & Pacific,Thailand,Health: Population: Structure,Population ages 65 and above (% of total),1997,5.90030509074606
East Asia & Pacific,Thailand,Health: Population: Structure,Population ages 65 and above (% of total),1996,5.69445809466781
East Asia & Pacific,Thailand,Health: Population: Structure,Population ages 65 and above (% of total),1995,5.49210696187494
East Asia & Pacific,Thailand,Health: Population: Structure,Population ages 65 and above (% of total),1994,5.2794855528521
East Asia & Pacific,Thailand,Health: Population: Structure,Population ages 65 and above (% of total),1993,5.07284700528552
East Asia & Pacific,Thailand,Health: Population: Structure,Population ages 65 and above (% of total),1992,4.87402922918963
East Asia & Pacific,Thailand,Health: Population: Structure,Population ages 65 and above (% of total),1991,4.68779455594044
East Asia & Pacific,Thailand,Health: Population: Structure,Population ages 65 and above (% of total),1990,4.51783389249006
East Asia & Pacific,Timor-Leste,Health: Population: Structure,Population ages 65 and above (% of total),2010,4.28597645304895
East Asia & Pacific,Timor-Leste,Health: Population: Structure,Population ages 65 and above (% of total),2009,3.77644272993501
East Asia & Pacific,Timor-Leste,Health: Population: Structure,Population ages 65 and above (% of total),2008,3.39523627069157
East Asia & Pacific,Timor-Leste,Health: Population: Structure,Population ages 65 and above (% of total),2007,3.09488021855889
East Asia & Pacific,Timor-Leste,Health: Population: Structure,Population ages 65 and above (% of total),2006,2.83442203356046
East Asia & Pacific,Timor-Leste,Health: Population: Structure,Population ages 65 and above (% of total),2005,2.59950257555101
East Asia & Pacific,Timor-Leste,Health: Population: Structure,Population ages 65 and above (% of total),2004,2.52546658439241
East Asia & Pacific,Timor-Leste,Health: Population: Structure,Population ages 65 and above (% of total),2003,2.45397452850185
East Asia & Pacific,Timor-Leste,Health: Population: Structure,Population ages 65 and above (% of total),2002,2.38590938908427
East Asia & Pacific,Timor-Leste,Health: Population: Structure,Population ages 65 and above (% of total),2001,2.32558139534884
East Asia & Pacific,Timor-Leste,Health: Population: Structure,Population ages 65 and above (% of total),2000,2.27718857156347
East Asia & Pacific,Timor-Leste,Health: Population: Structure,Population ages 65 and above (% of total),1999,2.23562325295489
East Asia & Pacific,Timor-Leste,Health: Population: Structure,Population ages 65 and above (% of total),1998,2.191086088609
East Asia & Pacific,Timor-Leste,Health: Population: Structure,Population ages 65 and above (% of total),1997,2.14190266165574
East Asia & Pacific,Timor-Leste,Health: Population: Structure,Population ages 65 and above (% of total),1996,2.08273220585086
East Asia & Pacific,Timor-Leste,Health: Population: Structure,Population ages 65 and above (% of total),1995,2.01041755454855
East Asia & Pacific,Timor-Leste,Health: Population: Structure,Population ages 65 and above (% of total),1994,1.97187310145807
East Asia & Pacific,Timor-Leste,Health: Population: Structure,Population ages 65 and above (% of total),1993,1.92450433958056
East Asia & Pacific,Timor-Leste,Health: Population: Structure,Population ages 65 and above (% of total),1992,1.86845869185188
East Asia & Pacific,Timor-Leste,Health: Population: Structure,Population ages 65 and above (% of total),1991,1.80576401127491
East Asia & Pacific,Timor-Leste,Health: Population: Structure,Population ages 65 and above (% of total),1990,1.7394570073396
East Asia & Pacific,Tonga,Health: Population: Structure,Population ages 65 and above (% of total),2010,5.87222334458908
East Asia & Pacific,Tonga,Health: Population: Structure,Population ages 65 and above (% of total),2009,5.93718573528275
East Asia & Pacific,Tonga,Health: Population: Structure,Population ages 65 and above (% of total),2008,5.99128540305011
East Asia & Pacific,Tonga,Health: Population: Structure,Population ages 65 and above (% of total),2007,6.02726854525345
East Asia & Pacific,Tonga,Health: Population: Structure,Population ages 65 and above (% of total),2006,6.04490330716109
East Asia & Pacific,Tonga,Health: Population: Structure,Population ages 65 and above (% of total),2005,6.04314977493109
East Asia & Pacific,Tonga,Health: Population: Structure,Population ages 65 and above (% of total),2004,6.02139165486001
East Asia & Pacific,Tonga,Health: Population: Structure,Population ages 65 and above (% of total),2003,5.98156737545931
East Asia & Pacific,Tonga,Health: Population: Structure,Population ages 65 and above (% of total),2002,5.92293318519266
East Asia & Pacific,Tonga,Health: Population: Structure,Population ages 65 and above (% of total),2001,5.8394457199748
East Asia & Pacific,Tonga,Health: Population: Structure,Population ages 65 and above (% of total),2000,5.72943267482481
East Asia & Pacific,Tonga,Health: Population: Structure,Population ages 65 and above (% of total),1999,5.69313538265672
East Asia & Pacific,Tonga,Health: Population: Structure,Population ages 65 and above (% of total),1998,5.63355581460124
East Asia & Pacific,Tonga,Health: Population: Structure,Population ages 65 and above (% of total),1997,5.54980005387149
East Asia & Pacific,Tonga,Health: Population: Structure,Population ages 65 and above (% of total),1996,5.46093538794269
East Asia & Pacific,Tonga,Health: Population: Structure,Population ages 65 and above (% of total),1995,5.36662182314968
East Asia & Pacific,Tonga,Health: Population: Structure,Population ages 65 and above (% of total),1994,5.18719036769163
East Asia & Pacific,Tonga,Health: Population: Structure,Population ages 65 and above (% of total),1993,5.00774609554913
East Asia & Pacific,Tonga,Health: Population: Structure,Population ages 65 and above (% of total),1992,4.8312216388426
East Asia & Pacific,Tonga,Health: Population: Structure,Population ages 65 and above (% of total),1991,4.65457903131034
East Asia & Pacific,Tonga,Health: Population: Structure,Population ages 65 and above (% of total),1990,4.47494535059694
East Asia & Pacific,Vanuatu,Health: Population: Structure,Population ages 65 and above (% of total),2010,3.94796423175722
East Asia & Pacific,Vanuatu,Health: Population: Structure,Population ages 65 and above (% of total),2009,3.80445615342617
East Asia & Pacific,Vanuatu,Health: Population: Structure,Population ages 65 and above (% of total),2008,3.65100849845784
East Asia & Pacific,Vanuatu,Health: Population: Structure,Population ages 65 and above (% of total),2007,3.51252068595537
East Asia & Pacific,Vanuatu,Health: Population: Structure,Population ages 65 and above (% of total),2006,3.4006569292054
East Asia & Pacific,Vanuatu,Health: Population: Structure,Population ages 65 and above (% of total),2005,3.31414925373135
East Asia & Pacific,Vanuatu,Health: Population: Structure,Population ages 65 and above (% of total),2004,3.30893878830628
East Asia & Pacific,Vanuatu,Health: Population: Structure,Population ages 65 and above (% of total),2003,3.30714756009911
East Asia & Pacific,Vanuatu,Health: Population: Structure,Population ages 65 and above (% of total),2002,3.31052759116711
East Asia & Pacific,Vanuatu,Health: Population: Structure,Population ages 65 and above (% of total),2001,3.32192215037403
East Asia & Pacific,Vanuatu,Health: Population: Structure,Population ages 65 and above (% of total),2000,3.34111467756055
East Asia & Pacific,Vanuatu,Health: Population: Structure,Population ages 65 and above (% of total),1999,3.38579290417214
East Asia & Pacific,Vanuatu,Health: Population: Structure,Population ages 65 and above (% of total),1998,3.42554219032538
East Asia & Pacific,Vanuatu,Health: Population: Structure,Population ages 65 and above (% of total),1997,3.45706383854082
East Asia & Pacific,Vanuatu,Health: Population: Structure,Population ages 65 and above (% of total),1996,3.48016903179241
East Asia & Pacific,Vanuatu,Health: Population: Structure,Population ages 65 and above (% of total),1995,3.49271261798902
East Asia & Pacific,Vanuatu,Health: Population: Structure,Population ages 65 and above (% of total),1994,3.5101608316231
East Asia & Pacific,Vanuatu,Health: Population: Structure,Population ages 65 and above (% of total),1993,3.53285694619996
East Asia & Pacific,Vanuatu,Health: Population: Structure,Population ages 65 and above (% of total),1992,3.55638293760709
East Asia & Pacific,Vanuatu,Health: Population: Structure,Population ages 65 and above (% of total),1991,3.57874770359268
East Asia & Pacific,Vanuatu,Health: Population: Structure,Population ages 65 and above (% of total),1990,3.59332483138174
East Asia & Pacific,Vietnam,Health: Population: Structure,Population ages 65 and above (% of total),2010,6.54522140241761
East Asia & Pacific,Vietnam,Health: Population: Structure,Population ages 65 and above (% of total),2009,6.5577646661133
East Asia & Pacific,Vietnam,Health: Population: Structure,Population ages 65 and above (% of total),2008,6.56668923526409
East Asia & Pacific,Vietnam,Health: Population: Structure,Population ages 65 and above (% of total),2007,6.57061896777661
East Asia & Pacific,Vietnam,Health: Population: Structure,Population ages 65 and above (% of total),2006,6.57480453530137
East Asia & Pacific,Vietnam,Health: Population: Structure,Population ages 65 and above (% of total),2005,6.58213035639465
East Asia & Pacific,Vietnam,Health: Population: Structure,Population ages 65 and above (% of total),2004,6.57816199298243
East Asia & Pacific,Vietnam,Health: Population: Structure,Population ages 65 and above (% of total),2003,6.56922273986568
East Asia & Pacific,Vietnam,Health: Population: Structure,Population ages 65 and above (% of total),2002,6.55002751060921
East Asia & Pacific,Vietnam,Health: Population: Structure,Population ages 65 and above (% of total),2001,6.50564258761174
East Asia & Pacific,Vietnam,Health: Population: Structure,Population ages 65 and above (% of total),2000,6.42360569857372
East Asia & Pacific,Vietnam,Health: Population: Structure,Population ages 65 and above (% of total),1999,6.34595784659561
East Asia & Pacific,Vietnam,Health: Population: Structure,Population ages 65 and above (% of total),1998,6.24183626786718
East Asia & Pacific,Vietnam,Health: Population: Structure,Population ages 65 and above (% of total),1997,6.12329683844121
East Asia & Pacific,Vietnam,Health: Population: Structure,Population ages 65 and above (% of total),1996,6.01448154757437
East Asia & Pacific,Vietnam,Health: Population: Structure,Population ages 65 and above (% of total),1995,5.93177766053327
East Asia & Pacific,Vietnam,Health: Population: Structure,Population ages 65 and above (% of total),1994,5.86397902522635
East Asia & Pacific,Vietnam,Health: Population: Structure,Population ages 65 and above (% of total),1993,5.82042036805751
East Asia & Pacific,Vietnam,Health: Population: Structure,Population ages 65 and above (% of total),1992,5.79321077262179
East Asia & Pacific,Vietnam,Health: Population: Structure,Population ages 65 and above (% of total),1991,5.76637612812977
East Asia & Pacific,Vietnam,Health: Population: Structure,Population ages 65 and above (% of total),1990,5.72852468106983
South Asia,Afghanistan,Health: Population: Structure,Population ages 65 and above (% of total),2010,2.27524958956208
South Asia,Afghanistan,Health: Population: Structure,Population ages 65 and above (% of total),2009,2.24843774413263
South Asia,Afghanistan,Health: Population: Structure,Population ages 65 and above (% of total),2008,2.22868473102436
South Asia,Afghanistan,Health: Population: Structure,Population ages 65 and above (% of total),2007,2.21328577395135
South Asia,Afghanistan,Health: Population: Structure,Population ages 65 and above (% of total),2006,2.19700785610009
South Asia,Afghanistan,Health: Population: Structure,Population ages 65 and above (% of total),2005,2.17604562108084
South Asia,Afghanistan,Health: Population: Structure,Population ages 65 and above (% of total),2004,2.18037987476516
South Asia,Afghanistan,Health: Population: Structure,Population ages 65 and above (% of total),2003,2.18880323989904
South Asia,Afghanistan,Health: Population: Structure,Population ages 65 and above (% of total),2002,2.20072258309285
South Asia,Afghanistan,Health: Population: Structure,Population ages 65 and above (% of total),2001,2.21660149743122
South Asia,Afghanistan,Health: Population: Structure,Population ages 65 and above (% of total),2000,2.23688631677896
South Asia,Afghanistan,Health: Population: Structure,Population ages 65 and above (% of total),1999,2.26101220584481
South Asia,Afghanistan,Health: Population: Structure,Population ages 65 and above (% of total),1998,2.28312917173559
South Asia,Afghanistan,Health: Population: Structure,Population ages 65 and above (% of total),1997,2.30283911671924
South Asia,Afghanistan,Health: Population: Structure,Population ages 65 and above (% of total),1996,2.31721561852898
South Asia,Afghanistan,Health: Population: Structure,Population ages 65 and above (% of total),1995,2.32159480846113
South Asia,Afghanistan,Health: Population: Structure,Population ages 65 and above (% of total),1994,2.28497009477083
South Asia,Afghanistan,Health: Population: Structure,Population ages 65 and above (% of total),1993,2.25891540356079
South Asia,Afghanistan,Health: Population: Structure,Population ages 65 and above (% of total),1992,2.23861692770721
South Asia,Afghanistan,Health: Population: Structure,Population ages 65 and above (% of total),1991,2.22128151072915
South Asia,Afghanistan,Health: Population: Structure,Population ages 65 and above (% of total),1990,2.20707234347926
South Asia,Bangladesh,Health: Population: Structure,Population ages 65 and above (% of total),2010,4.68630790113682
South Asia,Bangladesh,Health: Population: Structure,Population ages 65 and above (% of total),2009,4.62422623759625
South Asia,Bangladesh,Health: Population: Structure,Population ages 65 and above (% of total),2008,4.54724623716732
South Asia,Bangladesh,Health: Population: Structure,Population ages 65 and above (% of total),2007,4.45738333454519
South Asia,Bangladesh,Health: Population: Structure,Population ages 65 and above (% of total),2006,4.35838595063584
South Asia,Bangladesh,Health: Population: Structure,Population ages 65 and above (% of total),2005,4.25319169745348
South Asia,Bangladesh,Health: Population: Structure,Population ages 65 and above (% of total),2004,4.16848635409446
South Asia,Bangladesh,Health: Population: Structure,Population ages 65 and above (% of total),2003,4.08589818942075
South Asia,Bangladesh,Health: Population: Structure,Population ages 65 and above (% of total),2002,4.00324070324925
South Asia,Bangladesh,Health: Population: Structure,Population ages 65 and above (% of total),2001,3.91676047517739
South Asia,Bangladesh,Health: Population: Structure,Population ages 65 and above (% of total),2000,3.82379931605961
South Asia,Bangladesh,Health: Population: Structure,Population ages 65 and above (% of total),1999,3.7318742422936
South Asia,Bangladesh,Health: Population: Structure,Population ages 65 and above (% of total),1998,3.64156549522716
South Asia,Bangladesh,Health: Population: Structure,Population ages 65 and above (% of total),1997,3.55128684037345
South Asia,Bangladesh,Health: Population: Structure,Population ages 65 and above (% of total),1996,3.45886476316273
South Asia,Bangladesh,Health: Population: Structure,Population ages 65 and above (% of total),1995,3.362460567525
South Asia,Bangladesh,Health: Population: Structure,Population ages 65 and above (% of total),1994,3.31727972471936
South Asia,Bangladesh,Health: Population: Structure,Population ages 65 and above (% of total),1993,3.27076781217005
South Asia,Bangladesh,Health: Population: Structure,Population ages 65 and above (% of total),1992,3.22197753892177
South Asia,Bangladesh,Health: Population: Structure,Population ages 65 and above (% of total),1991,3.1707309723034
South Asia,Bangladesh,Health: Population: Structure,Population ages 65 and above (% of total),1990,3.11636749454178
South Asia,Bhutan,Health: Population: Structure,Population ages 65 and above (% of total),2010,4.48763339192443
South Asia,Bhutan,Health: Population: Structure,Population ages 65 and above (% of total),2009,4.39526439964398
South Asia,Bhutan,Health: Population: Structure,Population ages 65 and above (% of total),2008,4.31128505446122
South Asia,Bhutan,Health: Population: Structure,Population ages 65 and above (% of total),2007,4.23246183623367
South Asia,Bhutan,Health: Population: Structure,Population ages 65 and above (% of total),2006,4.15312181371079
South Asia,Bhutan,Health: Population: Structure,Population ages 65 and above (% of total),2005,4.069795120423
South Asia,Bhutan,Health: Population: Structure,Population ages 65 and above (% of total),2004,4.02311446072828
South Asia,Bhutan,Health: Population: Structure,Population ages 65 and above (% of total),2003,3.975350136421
South Asia,Bhutan,Health: Population: Structure,Population ages 65 and above (% of total),2002,3.92599858627956
South Asia,Bhutan,Health: Population: Structure,Population ages 65 and above (% of total),2001,3.87579547645941
South Asia,Bhutan,Health: Population: Structure,Population ages 65 and above (% of total),2000,3.82390944846302
South Asia,Bhutan,Health: Population: Structure,Population ages 65 and above (% of total),1999,3.74698889652746
South Asia,Bhutan,Health: Population: Structure,Population ages 65 and above (% of total),1998,3.66462607730747
South Asia,Bhutan,Health: Population: Structure,Population ages 65 and above (% of total),1997,3.57638548943497
South Asia,Bhutan,Health: Population: Structure,Population ages 65 and above (% of total),1996,3.48220158203823
South Asia,Bhutan,Health: Population: Structure,Population ages 65 and above (% of total),1995,3.38378886100724
South Asia,Bhutan,Health: Population: Structure,Population ages 65 and above (% of total),1994,3.32276067597217
South Asia,Bhutan,Health: Population: Structure,Population ages 65 and above (% of total),1993,3.24353807577185
South Asia,Bhutan,Health: Population: Structure,Population ages 65 and above (% of total),1992,3.15403770226385
South Asia,Bhutan,Health: Population: Structure,Population ages 65 and above (% of total),1991,3.05959848731387
South Asia,Bhutan,Health: Population: Structure,Population ages 65 and above (% of total),1990,2.96299754437401
South Asia,India,Health: Population: Structure,Population ages 65 and above (% of total),2010,5.11329775439643
South Asia,India,Health: Population: Structure,Population ages 65 and above (% of total),2009,5.05120252209399
South Asia,India,Health: Population: Structure,Population ages 65 and above (% of total),2008,4.98912833517254
South Asia,India,Health: Population: Structure,Population ages 65 and above (% of total),2007,4.92439871042221
South Asia,India,Health: Population: Structure,Population ages 65 and above (% of total),2006,4.85475301293907
South Asia,India,Health: Population: Structure,Population ages 65 and above (% of total),2005,4.77803414414773
South Asia,India,Health: Population: Structure,Population ages 65 and above (% of total),2004,4.71741304586518
South Asia,India,Health: Population: Structure,Population ages 65 and above (% of total),2003,4.64881489615264
South Asia,India,Health: Population: Structure,Population ages 65 and above (% of total),2002,4.57246574956935
South Asia,India,Health: Population: Structure,Population ages 65 and above (% of total),2001,4.49109622151916
South Asia,India,Health: Population: Structure,Population ages 65 and above (% of total),2000,4.40661187313672
South Asia,India,Health: Population: Structure,Population ages 65 and above (% of total),1999,4.34384061152701
South Asia,India,Health: Population: Structure,Population ages 65 and above (% of total),1998,4.28012894299996
South Asia,India,Health: Population: Structure,Population ages 65 and above (% of total),1997,4.21412167408411
South Asia,India,Health: Population: Structure,Population ages 65 and above (% of total),1996,4.14385637538834
South Asia,India,Health: Population: Structure,Population ages 65 and above (% of total),1995,4.06765955323832
South Asia,India,Health: Population: Structure,Population ages 65 and above (% of total),1994,4.02781088360743
South Asia,India,Health: Population: Structure,Population ages 65 and above (% of total),1993,3.98592852906486
South Asia,India,Health: Population: Structure,Population ages 65 and above (% of total),1992,3.94044100002331
South Asia,India,Health: Population: Structure,Population ages 65 and above (% of total),1991,3.88979747034202
South Asia,India,Health: Population: Structure,Population ages 65 and above (% of total),1990,3.83313380697721
South Asia,Maldives,Health: Population: Structure,Population ages 65 and above (% of total),2010,4.90716379763963
South Asia,Maldives,Health: Population: Structure,Population ages 65 and above (% of total),2009,4.87308432783514
South Asia,Maldives,Health: Population: Structure,Population ages 65 and above (% of total),2008,4.80864478266558
South Asia,Maldives,Health: Population: Structure,Population ages 65 and above (% of total),2007,4.71483130754481
South Asia,Maldives,Health: Population: Structure,Population ages 65 and above (% of total),2006,4.60169972402053
South Asia,Maldives,Health: Population: Structure,Population ages 65 and above (% of total),2005,4.47489572676477
South Asia,Maldives,Health: Population: Structure,Population ages 65 and above (% of total),2004,4.34120106562816
South Asia,Maldives,Health: Population: Structure,Population ages 65 and above (% of total),2003,4.19022630815334
South Asia,Maldives,Health: Population: Structure,Population ages 65 and above (% of total),2002,4.02657963032533
South Asia,Maldives,Health: Population: Structure,Population ages 65 and above (% of total),2001,3.85526712419996
South Asia,Maldives,Health: Population: Structure,Population ages 65 and above (% of total),2000,3.67888324583428
South Asia,Maldives,Health: Population: Structure,Population ages 65 and above (% of total),1999,3.53396154474645
South Asia,Maldives,Health: Population: Structure,Population ages 65 and above (% of total),1998,3.39299720302487
South Asia,Maldives,Health: Population: Structure,Population ages 65 and above (% of total),1997,3.25993050813568
South Asia,Maldives,Health: Population: Structure,Population ages 65 and above (% of total),1996,3.13631252214365
South Asia,Maldives,Health: Population: Structure,Population ages 65 and above (% of total),1995,3.0247569567442
South Asia,Maldives,Health: Population: Structure,Population ages 65 and above (% of total),1994,2.95331966503264
South Asia,Maldives,Health: Population: Structure,Population ages 65 and above (% of total),1993,2.90234961940458
South Asia,Maldives,Health: Population: Structure,Population ages 65 and above (% of total),1992,2.86503454732623
South Asia,Maldives,Health: Population: Structure,Population ages 65 and above (% of total),1991,2.8299504540982
South Asia,Maldives,Health: Population: Structure,Population ages 65 and above (% of total),1990,2.78924092320514
South Asia,Nepal,Health: Population: Structure,Population ages 65 and above (% of total),2010,4.97160840321313
South Asia,Nepal,Health: Population: Structure,Population ages 65 and above (% of total),2009,4.84862254878844
South Asia,Nepal,Health: Population: Structure,Population ages 65 and above (% of total),2008,4.72881423084504
South Asia,Nepal,Health: Population: Structure,Population ages 65 and above (% of total),2007,4.60837767771237
South Asia,Nepal,Health: Population: Structure,Population ages 65 and above (% of total),2006,4.48782880464027
South Asia,Nepal,Health: Population: Structure,Population ages 65 and above (% of total),2005,4.36875243733574
South Asia,Nepal,Health: Population: Structure,Population ages 65 and above (% of total),2004,4.22101163856207
South Asia,Nepal,Health: Population: Structure,Population ages 65 and above (% of total),2003,4.08794518454777
South Asia,Nepal,Health: Population: Structure,Population ages 65 and above (% of total),2002,3.96952820717764
South Asia,Nepal,Health: Population: Structure,Population ages 65 and above (% of total),2001,3.86475407068847
South Asia,Nepal,Health: Population: Structure,Population ages 65 and above (% of total),2000,3.7702718327963
South Asia,Nepal,Health: Population: Structure,Population ages 65 and above (% of total),1999,3.74425912735434
South Asia,Nepal,Health: Population: Structure,Population ages 65 and above (% of total),1998,3.72021581268944
South Asia,Nepal,Health: Population: Structure,Population ages 65 and above (% of total),1997,3.69533767589168
South Asia,Nepal,Health: Population: Structure,Population ages 65 and above (% of total),1996,3.66562608691761
South Asia,Nepal,Health: Population: Structure,Population ages 65 and above (% of total),1995,3.62815878991563
South Asia,Nepal,Health: Population: Structure,Population ages 65 and above (% of total),1994,3.62220983986085
South Asia,Nepal,Health: Population: Structure,Population ages 65 and above (% of total),1993,3.6095963079626
South Asia,Nepal,Health: Population: Structure,Population ages 65 and above (% of total),1992,3.58964097670848
South Asia,Nepal,Health: Population: Structure,Population ages 65 and above (% of total),1991,3.56270482970551
South Asia,Nepal,Health: Population: Structure,Population ages 65 and above (% of total),1990,3.52868962496867
South Asia,Pakistan,Health: Population: Structure,Population ages 65 and above (% of total),2010,4.4263094431875
South Asia,Pakistan,Health: Population: Structure,Population ages 65 and above (% of total),2009,4.40602551571533
South Asia,Pakistan,Health: Population: Structure,Population ages 65 and above (% of total),2008,4.38012143510807
South Asia,Pakistan,Health: Population: Structure,Population ages 65 and above (% of total),2007,4.34808300893312
South Asia,Pakistan,Health: Population: Structure,Population ages 65 and above (% of total),2006,4.30890077954659
South Asia,Pakistan,Health: Population: Structure,Population ages 65 and above (% of total),2005,4.26200127581256
South Asia,Pakistan,Health: Population: Structure,Population ages 65 and above (% of total),2004,4.22737406833867
South Asia,Pakistan,Health: Population: Structure,Population ages 65 and above (% of total),2003,4.19296356377419
South Asia,Pakistan,Health: Population: Structure,Population ages 65 and above (% of total),2002,4.1592902430559
South Asia,Pakistan,Health: Population: Structure,Population ages 65 and above (% of total),2001,4.12706630863022
South Asia,Pakistan,Health: Population: Structure,Population ages 65 and above (% of total),2000,4.09585392635904
South Asia,Pakistan,Health: Population: Structure,Population ages 65 and above (% of total),1999,4.07110391256368
South Asia,Pakistan,Health: Population: Structure,Population ages 65 and above (% of total),1998,4.05110212820368
South Asia,Pakistan,Health: Population: Structure,Population ages 65 and above (% of total),1997,4.03370335424175
South Asia,Pakistan,Health: Population: Structure,Population ages 65 and above (% of total),1996,4.01478385622337
South Asia,Pakistan,Health: Population: Structure,Population ages 65 and above (% of total),1995,3.99117456594466
South Asia,Pakistan,Health: Population: Structure,Population ages 65 and above (% of total),1994,3.97420648237767
South Asia,Pakistan,Health: Population: Structure,Population ages 65 and above (% of total),1993,3.95646820041978
South Asia,Pakistan,Health: Population: Structure,Population ages 65 and above (% of total),1992,3.93840260318591
South Asia,Pakistan,Health: Population: Structure,Population ages 65 and above (% of total),1991,3.92195197806426
South Asia,Pakistan,Health: Population: Structure,Population ages 65 and above (% of total),1990,3.90796326271967
South Asia,Sri Lanka,Health: Population: Structure,Population ages 65 and above (% of total),2010,7.32852895891119
South Asia,Sri Lanka,Health: Population: Structure,Population ages 65 and above (% of total),2009,7.17780325618873
South Asia,Sri Lanka,Health: Population: Structure,Population ages 65 and above (% of total),2008,7.06909072098005
South Asia,Sri Lanka,Health: Population: Structure,Population ages 65 and above (% of total),2007,6.98927960166785
South Asia,Sri Lanka,Health: Population: Structure,Population ages 65 and above (% of total),2006,6.92155382220934
South Asia,Sri Lanka,Health: Population: Structure,Population ages 65 and above (% of total),2005,6.85195217184362
South Asia,Sri Lanka,Health: Population: Structure,Population ages 65 and above (% of total),2004,6.72489988144591
South Asia,Sri Lanka,Health: Population: Structure,Population ages 65 and above (% of total),2003,6.60531241244746
South Asia,Sri Lanka,Health: Population: Structure,Population ages 65 and above (% of total),2002,6.48626892116107
South Asia,Sri Lanka,Health: Population: Structure,Population ages 65 and above (% of total),2001,6.36130332617741
South Asia,Sri Lanka,Health: Population: Structure,Population ages 65 and above (% of total),2000,6.22826811160393
South Asia,Sri Lanka,Health: Population: Structure,Population ages 65 and above (% of total),1999,6.20850381528032
South Asia,Sri Lanka,Health: Population: Structure,Population ages 65 and above (% of total),1998,6.18206196556634
South Asia,Sri Lanka,Health: Population: Structure,Population ages 65 and above (% of total),1997,6.14772986548779
South Asia,Sri Lanka,Health: Population: Structure,Population ages 65 and above (% of total),1996,6.10561497981063
South Asia,Sri Lanka,Health: Population: Structure,Population ages 65 and above (% of total),1995,6.05364240823939
South Asia,Sri Lanka,Health: Population: Structure,Population ages 65 and above (% of total),1994,5.94467024144357
South Asia,Sri Lanka,Health: Population: Structure,Population ages 65 and above (% of total),1993,5.83575184335863
South Asia,Sri Lanka,Health: Population: Structure,Population ages 65 and above (% of total),1992,5.72425797099537
South Asia,Sri Lanka,Health: Population: Structure,Population ages 65 and above (% of total),1991,5.6059993288775
South Asia,Sri Lanka,Health: Population: Structure,Population ages 65 and above (% of total),1990,5.47743940750166
East Asia & Pacific,Brunei Darussalam,Health: Population: Structure,Population ages 65 and above (% of total),2010,3.50849982964744
East Asia & Pacific,Brunei Darussalam,Health: Population: Structure,Population ages 65 and above (% of total),2009,3.43081533533119
East Asia & Pacific,Brunei Darussalam,Health: Population: Structure,Population ages 65 and above (% of total),2008,3.34361032180805
East Asia & Pacific,Brunei Darussalam,Health: Population: Structure,Population ages 65 and above (% of total),2007,3.24227752571042
East Asia & Pacific,Brunei Darussalam,Health: Population: Structure,Population ages 65 and above (% of total),2006,3.12644302594051
East Asia & Pacific,Brunei Darussalam,Health: Population: Structure,Population ages 65 and above (% of total),2005,3.00009118818202
East Asia & Pacific,Brunei Darussalam,Health: Population: Structure,Population ages 65 and above (% of total),2004,2.87545684565645
East Asia & Pacific,Brunei Darussalam,Health: Population: Structure,Population ages 65 and above (% of total),2003,2.76321172226561
East Asia & Pacific,Brunei Darussalam,Health: Population: Structure,Population ages 65 and above (% of total),2002,2.65330549270057
East Asia & Pacific,Brunei Darussalam,Health: Population: Structure,Population ages 65 and above (% of total),2001,2.53890837026884
East Asia & Pacific,Brunei Darussalam,Health: Population: Structure,Population ages 65 and above (% of total),2000,2.41806179928241
East Asia & Pacific,Brunei Darussalam,Health: Population: Structure,Population ages 65 and above (% of total),1999,2.46933405803368
East Asia & Pacific,Brunei Darussalam,Health: Population: Structure,Population ages 65 and above (% of total),1998,2.51678117100542
East Asia & Pacific,Brunei Darussalam,Health: Population: Structure,Population ages 65 and above (% of total),1997,2.56403633945233
East Asia & Pacific,Brunei Darussalam,Health: Population: Structure,Population ages 65 and above (% of total),1996,2.61796203657476
East Asia & Pacific,Brunei Darussalam,Health: Population: Structure,Population ages 65 and above (% of total),1995,2.67685841157926
East Asia & Pacific,Brunei Darussalam,Health: Population: Structure,Population ages 65 and above (% of total),1994,2.65253650542928
East Asia & Pacific,Brunei Darussalam,Health: Population: Structure,Population ages 65 and above (% of total),1993,2.64302848950904
East Asia & Pacific,Brunei Darussalam,Health: Population: Structure,Population ages 65 and above (% of total),1992,2.64459224453929
East Asia & Pacific,Brunei Darussalam,Health: Population: Structure,Population ages 65 and above (% of total),1991,2.65125867645112
East Asia & Pacific,Brunei Darussalam,Health: Population: Structure,Population ages 65 and above (% of total),1990,2.66016447483644
East Asia & Pacific,Cambodia,Health: Population: Structure,Population ages 65 and above (% of total),2010,3.73260549280661
East Asia & Pacific,Cambodia,Health: Population: Structure,Population ages 65 and above (% of total),2009,3.66403883052277
East Asia & Pacific,Cambodia,Health: Population: Structure,Population ages 65 and above (% of total),2008,3.59624104506641
East Asia & Pacific,Cambodia,Health: Population: Structure,Population ages 65 and above (% of total),2007,3.52786498357456
East Asia & Pacific,Cambodia,Health: Population: Structure,Population ages 65 and above (% of total),2006,3.45841441558672
East Asia & Pacific,Cambodia,Health: Population: Structure,Population ages 65 and above (% of total),2005,3.38684711432938
East Asia & Pacific,Cambodia,Health: Population: Structure,Population ages 65 and above (% of total),2004,3.33164942259708
East Asia & Pacific,Cambodia,Health: Population: Structure,Population ages 65 and above (% of total),2003,3.27624905464345
East Asia & Pacific,Cambodia,Health: Population: Structure,Population ages 65 and above (% of total),2002,3.21832136044329
East Asia & Pacific,Cambodia,Health: Population: Structure,Population ages 65 and above (% of total),2001,3.15410678277028
East Asia & Pacific,Cambodia,Health: Population: Structure,Population ages 65 and above (% of total),2000,3.08051259622042
East Asia & Pacific,Cambodia,Health: Population: Structure,Population ages 65 and above (% of total),1999,3.07212943732329
East Asia & Pacific,Cambodia,Health: Population: Structure,Population ages 65 and above (% of total),1998,3.05943155651042
East Asia & Pacific,Cambodia,Health: Population: Structure,Population ages 65 and above (% of total),1997,3.04598406188769
East Asia & Pacific,Cambodia,Health: Population: Structure,Population ages 65 and above (% of total),1996,3.03692687514483
East Asia & Pacific,Cambodia,Health: Population: Structure,Population ages 65 and above (% of total),1995,3.03213093808673
East Asia & Pacific,Cambodia,Health: Population: Structure,Population ages 65 and above (% of total),1994,3.00101793746613
East Asia & Pacific,Cambodia,Health: Population: Structure,Population ages 65 and above (% of total),1993,2.98042628168104
East Asia & Pacific,Cambodia,Health: Population: Structure,Population ages 65 and above (% of total),1992,2.9645506198315
East Asia & Pacific,Cambodia,Health: Population: Structure,Population ages 65 and above (% of total),1991,2.94055723283919
East Asia & Pacific,Cambodia,Health: Population: Structure,Population ages 65 and above (% of total),1990,2.90071236569881
East Asia & Pacific,China,Health: Population: Structure,Population ages 65 and above (% of total),2010,8.24602035446261
East Asia & Pacific,China,Health: Population: Structure,Population ages 65 and above (% of total),2009,8.06897151660982
East Asia & Pacific,China,Health: Population: Structure,Population ages 65 and above (% of total),2008,7.91311916669019
East Asia & Pacific,China,Health: Population: Structure,Population ages 65 and above (% of total),2007,7.77053471191034
East Asia & Pacific,China,Health: Population: Structure,Population ages 65 and above (% of total),2006,7.6323937272518
East Asia & Pacific,China,Health: Population: Structure,Population ages 65 and above (% of total),2005,7.4923311732777
East Asia & Pacific,China,Health: Population: Structure,Population ages 65 and above (% of total),2004,7.34026348341744
East Asia & Pacific,China,Health: Population: Structure,Population ages 65 and above (% of total),2003,7.1775372515839
East Asia & Pacific,China,Health: Population: Structure,Population ages 65 and above (% of total),2002,7.00552484474057
East Asia & Pacific,China,Health: Population: Structure,Population ages 65 and above (% of total),2001,6.82977801620803
East Asia & Pacific,China,Health: Population: Structure,Population ages 65 and above (% of total),2000,6.65072654698791
East Asia & Pacific,China,Health: Population: Structure,Population ages 65 and above (% of total),1999,6.49249162191881
East Asia & Pacific,China,Health: Population: Structure,Population ages 65 and above (% of total),1998,6.33757352085332
East Asia & Pacific,China,Health: Population: Structure,Population ages 65 and above (% of total),1997,6.18401111211577
East Asia & Pacific,China,Health: Population: Structure,Population ages 65 and above (% of total),1996,6.02369436942944
East Asia & Pacific,China,Health: Population: Structure,Population ages 65 and above (% of total),1995,5.85068421396396
East Asia & Pacific,China,Health: Population: Structure,Population ages 65 and above (% of total),1994,5.73057830546894
East Asia & Pacific,China,Health: Population: Structure,Population ages 65 and above (% of total),1993,5.61344246145202
East Asia & Pacific,China,Health: Population: Structure,Population ages 65 and above (% of total),1992,5.50294705609763
East Asia & Pacific,China,Health: Population: Structure,Population ages 65 and above (% of total),1991,5.40984734158375
East Asia & Pacific,China,Health: Population: Structure,Population ages 65 and above (% of total),1990,5.34195094484426
East Asia & Pacific,Fiji,Health: Population: Structure,Population ages 65 and above (% of total),2010,4.83189759428434
East Asia & Pacific,Fiji,Health: Population: Structure,Population ages 65 and above (% of total),2009,4.68894904525893
East Asia & Pacific,Fiji,Health: Population: Structure,Population ages 65 and above (% of total),2008,4.54384812252285
East Asia & Pacific,Fiji,Health: Population: Structure,Population ages 65 and above (% of total),2007,4.39819390484816
East Asia & Pacific,Fiji,Health: Population: Structure,Population ages 65 and above (% of total),2006,4.25470455287107
East Asia & Pacific,Fiji,Health: Population: Structure,Population ages 65 and above (% of total),2005,4.11379620841547
East Asia & Pacific,Fiji,Health: Population: Structure,Population ages 65 and above (% of total),2004,3.95195239229919
East Asia & Pacific,Fiji,Health: Population: Structure,Population ages 65 and above (% of total),2003,3.80786308542711
East Asia & Pacific,Fiji,Health: Population: Structure,Population ages 65 and above (% of total),2002,3.67847628575037
East Asia & Pacific,Fiji,Health: Population: Structure,Population ages 65 and above (% of total),2001,3.55680010807956
East Asia & Pacific,Fiji,Health: Population: Structure,Population ages 65 and above (% of total),2000,3.43493712579648
East Asia & Pacific,Fiji,Health: Population: Structure,Population ages 65 and above (% of total),1999,3.35402371251367
East Asia & Pacific,Fiji,Health: Population: Structure,Population ages 65 and above (% of total),1998,3.27171585152828
East Asia & Pacific,Fiji,Health: Population: Structure,Population ages 65 and above (% of total),1997,3.1871997416943
East Asia & Pacific,Fiji,Health: Population: Structure,Population ages 65 and above (% of total),1996,3.10346102317589
East Asia & Pacific,Fiji,Health: Population: Structure,Population ages 65 and above (% of total),1995,3.02257388155741
East Asia & Pacific,Fiji,Health: Population: Structure,Population ages 65 and above (% of total),1994,3.01463040020061
East Asia & Pacific,Fiji,Health: Population: Structure,Population ages 65 and above (% of total),1993,3.00281845345314
East Asia & Pacific,Fiji,Health: Population: Structure,Population ages 65 and above (% of total),1992,2.98629746928952
East Asia & Pacific,Fiji,Health: Population: Structure,Population ages 65 and above (% of total),1991,2.96368711665617
East Asia & Pacific,Fiji,Health: Population: Structure,Population ages 65 and above (% of total),1990,2.93223135051454
East Asia & Pacific,French Polynesia,Health: Population: Structure,Population ages 65 and above (% of total),2010,6.75470501557459
East Asia & Pacific,French Polynesia,Health: Population: Structure,Population ages 65 and above (% of total),2009,6.43866893735024
East Asia & Pacific,French Polynesia,Health: Population: Structure,Population ages 65 and above (% of total),2008,6.08953997496929
East Asia & Pacific,French Polynesia,Health: Population: Structure,Population ages 65 and above (% of total),2007,5.72013473600117
East Asia & Pacific,French Polynesia,Health: Population: Structure,Population ages 65 and above (% of total),2006,5.36295595019613
East Asia & Pacific,French Polynesia,Health: Population: Structure,Population ages 65 and above (% of total),2005,5.04229374931341
East Asia & Pacific,French Polynesia,Health: Population: Structure,Population ages 65 and above (% of total),2004,4.86039132523996
East Asia & Pacific,French Polynesia,Health: Population: Structure,Population ages 65 and above (% of total),2003,4.70072746000579
East Asia & Pacific,French Polynesia,Health: Population: Structure,Population ages 65 and above (% of total),2002,4.56144503575044
East Asia & Pacific,French Polynesia,Health: Population: Structure,Population ages 65 and above (% of total),2001,4.42853827152307
East Asia & Pacific,French Polynesia,Health: Population: Structure,Population ages 65 and above (% of total),2000,4.29473968145591
East Asia & Pacific,French Polynesia,Health: Population: Structure,Population ages 65 and above (% of total),1999,4.14799361252769
East Asia & Pacific,French Polynesia,Health: Population: Structure,Population ages 65 and above (% of total),1998,4.00385322707768
East Asia & Pacific,French Polynesia,Health: Population: Structure,Population ages 65 and above (% of total),1997,3.86083474125525
East Asia & Pacific,French Polynesia,Health: Population: Structure,Population ages 65 and above (% of total),1996,3.72123566913837
East Asia & Pacific,French Polynesia,Health: Population: Structure,Population ages 65 and above (% of total),1995,3.58643122676581
East Asia & Pacific,French Polynesia,Health: Population: Structure,Population ages 65 and above (% of total),1994,3.52295069570478
East Asia & Pacific,French Polynesia,Health: Population: Structure,Population ages 65 and above (% of total),1993,3.47109897335721
East Asia & Pacific,French Polynesia,Health: Population: Structure,Population ages 65 and above (% of total),1992,3.43500479858138
East Asia & Pacific,French Polynesia,Health: Population: Structure,Population ages 65 and above (% of total),1991,3.40659340659341
East Asia & Pacific,French Polynesia,Health: Population: Structure,Population ages 65 and above (% of total),1990,3.37349397590362
East Asia & Pacific,Guam,Health: Population: Structure,Population ages 65 and above (% of total),2010,7.26542900150528
East Asia & Pacific,Guam,Health: Population: Structure,Population ages 65 and above (% of total),2009,7.04698621241828
East Asia & Pacific,Guam,Health: Population: Structure,Population ages 65 and above (% of total),2008,6.87322342239909
East Asia & Pacific,Guam,Health: Population: Structure,Population ages 65 and above (% of total),2007,6.7276356011419
East Asia & Pacific,Guam,Health: Population: Structure,Population ages 65 and above (% of total),2006,6.58212827197041
East Asia & Pacific,Guam,Health: Population: Structure,Population ages 65 and above (% of total),2005,6.41157568449695
East Asia & Pacific,Guam,Health: Population: Structure,Population ages 65 and above (% of total),2004,6.23854254902209
East Asia & Pacific,Guam,Health: Population: Structure,Population ages 65 and above (% of total),2003,6.03714287524631
East Asia & Pacific,Guam,Health: Population: Structure,Population ages 65 and above (% of total),2002,5.81018945440439
East Asia & Pacific,Guam,Health: Population: Structure,Population ages 65 and above (% of total),2001,5.57867750947788
East Asia & Pacific,Guam,Health: Population: Structure,Population ages 65 and above (% of total),2000,5.35383189122373
East Asia & Pacific,Guam,Health: Population: Structure,Population ages 65 and above (% of total),1999,5.19840728543497
East Asia & Pacific,Guam,Health: Population: Structure,Population ages 65 and above (% of total),1998,5.05795435889015
East Asia & Pacific,Guam,Health: Population: Structure,Population ages 65 and above (% of total),1997,4.92661636927335
East Asia & Pacific,Guam,Health: Population: Structure,Population ages 65 and above (% of total),1996,4.79535323517494
East Asia & Pacific,Guam,Health: Population: Structure,Population ages 65 and above (% of total),1995,4.65231310369465
East Asia & Pacific,Guam,Health: Population: Structure,Population ages 65 and above (% of total),1994,4.52572020783441
East Asia & Pacific,Guam,Health: Population: Structure,Population ages 65 and above (% of total),1993,4.3942211414676
East Asia & Pacific,Guam,Health: Population: Structure,Population ages 65 and above (% of total),1992,4.25469655293498
East Asia & Pacific,Guam,Health: Population: Structure,Population ages 65 and above (% of total),1991,4.11297387554004
East Asia & Pacific,Guam,Health: Population: Structure,Population ages 65 and above (% of total),1990,3.9729617878328
East Asia & Pacific,"Hong Kong SAR, China",Health: Population: Structure,Population ages 65 and above (% of total),2010,12.9136192245162
East Asia & Pacific,"Hong Kong SAR, China",Health: Population: Structure,Population ages 65 and above (% of total),2009,12.6276194279259
East Asia & Pacific,"Hong Kong SAR, China",Health: Population: Structure,Population ages 65 and above (% of total),2008,12.4397428565475
East Asia & Pacific,"Hong Kong SAR, China",Health: Population: Structure,Population ages 65 and above (% of total),2007,12.3398975891196
East Asia & Pacific,"Hong Kong SAR, China",Health: Population: Structure,Population ages 65 and above (% of total),2006,12.2689225414094
East Asia & Pacific,"Hong Kong SAR, China",Health: Population: Structure,Population ages 65 and above (% of total),2005,12.1646073454523
East Asia & Pacific,"Hong Kong SAR, China",Health: Population: Structure,Population ages 65 and above (% of total),2004,12.0163029537228
East Asia & Pacific,"Hong Kong SAR, China",Health: Population: Structure,Population ages 65 and above (% of total),2003,11.7982395380331
East Asia & Pacific,"Hong Kong SAR, China",Health: Population: Structure,Population ages 65 and above (% of total),2002,11.5428487232585
East Asia & Pacific,"Hong Kong SAR, China",Health: Population: Structure,Population ages 65 and above (% of total),2001,11.2783107473402
East Asia & Pacific,"Hong Kong SAR, China",Health: Population: Structure,Population ages 65 and above (% of total),2000,11.0117458504472
East Asia & Pacific,"Hong Kong SAR, China",Health: Population: Structure,Population ages 65 and above (% of total),1999,10.7277248852056
East Asia & Pacific,"Hong Kong SAR, China",Health: Population: Structure,Population ages 65 and above (% of total),1998,10.4344801007858
East Asia & Pacific,"Hong Kong SAR, China",Health: Population: Structure,Population ages 65 and above (% of total),1997,10.1443972203336
East Asia & Pacific,"Hong Kong SAR, China",Health: Population: Structure,Population ages 65 and above (% of total),1996,9.87545663639577
East Asia & Pacific,"Hong Kong SAR, China",Health: Population: Structure,Population ages 65 and above (% of total),1995,9.63427769038252
East Asia & Pacific,"Hong Kong SAR, China",Health: Population: Structure,Population ages 65 and above (% of total),1994,9.42542760000893
East Asia & Pacific,"Hong Kong SAR, China",Health: Population: Structure,Population ages 65 and above (% of total),1993,9.23394716003119
East Asia & Pacific,"Hong Kong SAR, China",Health: Population: Structure,Population ages 65 and above (% of total),1992,9.05703130706242
East Asia & Pacific,"Hong Kong SAR, China",Health: Population: Structure,Population ages 65 and above (% of total),1991,8.88154766630217
East Asia & Pacific,"Hong Kong SAR, China",Health: Population: Structure,Population ages 65 and above (% of total),1990,8.69558238698633
East Asia & Pacific,Indonesia,Health: Population: Structure,Population ages 65 and above (% of total),2010,4.93416239314746
East Asia & Pacific,Indonesia,Health: Population: Structure,Population ages 65 and above (% of total),2009,4.94828877836308
East Asia & Pacific,Indonesia,Health: Population: Structure,Population ages 65 and above (% of total),2008,4.9394579423635
East Asia & Pacific,Indonesia,Health: Population: Structure,Population ages 65 and above (% of total),2007,4.91008938864985
East Asia & Pacific,Indonesia,Health: Population: Structure,Population ages 65 and above (% of total),2006,4.86275689709304
East Asia & Pacific,Indonesia,Health: Population: Structure,Population ages 65 and above (% of total),2005,4.79860655095421
East Asia & Pacific,Indonesia,Health: Population: Structure,Population ages 65 and above (% of total),2004,4.82022582252339
East Asia & Pacific,Indonesia,Health: Population: Structure,Population ages 65 and above (% of total),2003,4.82517394560444
East Asia & Pacific,Indonesia,Health: Population: Structure,Population ages 65 and above (% of total),2002,4.80854299213209
East Asia & Pacific,Indonesia,Health: Population: Structure,Population ages 65 and above (% of total),2001,4.76910143484885
East Asia & Pacific,Indonesia,Health: Population: Structure,Population ages 65 and above (% of total),2000,4.70920480505031
East Asia & Pacific,Indonesia,Health: Population: Structure,Population ages 65 and above (% of total),1999,4.59971739720446
East Asia & Pacific,Indonesia,Health: Population: Structure,Population ages 65 and above (% of total),1998,4.48876073272787
East Asia & Pacific,Indonesia,Health: Population: Structure,Population ages 65 and above (% of total),1997,4.37752302951115
East Asia & Pacific,Indonesia,Health: Population: Structure,Population ages 65 and above (% of total),1996,4.26625139429284
East Asia & Pacific,Indonesia,Health: Population: Structure,Population ages 65 and above (% of total),1995,4.15406860285256
East Asia & Pacific,Indonesia,Health: Population: Structure,Population ages 65 and above (% of total),1994,4.07747426429688
East Asia & Pacific,Indonesia,Health: Population: Structure,Population ages 65 and above (% of total),1993,4.00299574720916
East Asia & Pacific,Indonesia,Health: Population: Structure,Population ages 65 and above (% of total),1992,3.93001575818574
East Asia & Pacific,Indonesia,Health: Population: Structure,Population ages 65 and above (% of total),1991,3.85743034386095
East Asia & Pacific,Indonesia,Health: Population: Structure,Population ages 65 and above (% of total),1990,3.78465129743429
East Asia & Pacific,Japan,Health: Population: Structure,Population ages 65 and above (% of total),2010,22.9421995174011
East Asia & Pacific,Japan,Health: Population: Structure,Population ages 65 and above (% of total),2009,22.2150287569859
East Asia & Pacific,Japan,Health: Population: Structure,Population ages 65 and above (% of total),2008,21.5566514999069
East Asia & Pacific,Japan,Health: Population: Structure,Population ages 65 and above (% of total),2007,20.9576289637373
East Asia & Pacific,Japan,Health: Population: Structure,Population ages 65 and above (% of total),2006,20.3935742299682
East Asia & Pacific,Japan,Health: Population: Structure,Population ages 65 and above (% of total),2005,19.8467721615854
East Asia & Pacific,Japan,Health: Population: Structure,Population ages 65 and above (% of total),2004,19.2935446603211
East Asia & Pacific,Japan,Health: Population: Structure,Population ages 65 and above (% of total),2003,18.7549427426683
East Asia & Pacific,Japan,Health: Population: Structure,Population ages 65 and above (% of total),2002,18.2264669243189
East Asia & Pacific,Japan,Health: Population: Structure,Population ages 65 and above (% of total),2001,17.7031691020021
East Asia & Pacific,Japan,Health: Population: Structure,Population ages 65 and above (% of total),2000,17.1803714815345
East Asia & Pacific,Japan,Health: Population: Structure,Population ages 65 and above (% of total),1999,16.6223537338905
East Asia & Pacific,Japan,Health: Population: Structure,Population ages 65 and above (% of total),1998,16.0606759020613
East Asia & Pacific,Japan,Health: Population: Structure,Population ages 65 and above (% of total),1997,15.4979482188436
East Asia & Pacific,Japan,Health: Population: Structure,Population ages 65 and above (% of total),1996,14.9406389209257
East Asia & Pacific,Japan,Health: Population: Structure,Population ages 65 and above (% of total),1995,14.3931702327473
East Asia & Pacific,Japan,Health: Population: Structure,Population ages 65 and above (% of total),1994,13.867288164162
East Asia & Pacific,Japan,Health: Population: Structure,Population ages 65 and above (% of total),1993,13.3544452870314
East Asia & Pacific,Japan,Health: Population: Structure,Population ages 65 and above (% of total),1992,12.8593254523528
East Asia & Pacific,Japan,Health: Population: Structure,Population ages 65 and above (% of total),1991,12.3883259551778
East Asia & Pacific,Japan,Health: Population: Structure,Population ages 65 and above (% of total),1990,11.9481762204172
East Asia & Pacific,Kiribati,Health: Population: Structure,Population ages 65 and above (% of total),2010,3.54804769698386
East Asia & Pacific,Kiribati,Health: Population: Structure,Population ages 65 and above (% of total),2009,3.55289063898336
East Asia & Pacific,Kiribati,Health: Population: Structure,Population ages 65 and above (% of total),2008,3.56268476284325
East Asia & Pacific,Kiribati,Health: Population: Structure,Population ages 65 and above (% of total),2007,3.57491433911328
East Asia & Pacific,Kiribati,Health: Population: Structure,Population ages 65 and above (% of total),2006,3.57639220429252
East Asia & Pacific,Kiribati,Health: Population: Structure,Population ages 65 and above (% of total),2005,3.55251329484777
East Asia & Pacific,Kiribati,Health: Population: Structure,Population ages 65 and above (% of total),2004,3.55845159865261
East Asia & Pacific,Kiribati,Health: Population: Structure,Population ages 65 and above (% of total),2003,3.53012644557441
East Asia & Pacific,Kiribati,Health: Population: Structure,Population ages 65 and above (% of total),2002,3.46908166653309
East Asia & Pacific,Kiribati,Health: Population: Structure,Population ages 65 and above (% of total),2001,3.39048195858277
East Asia & Pacific,Kiribati,Health: Population: Structure,Population ages 65 and above (% of total),2000,3.31966921782812
East Asia & Pacific,Kiribati,Health: Population: Structure,Population ages 65 and above (% of total),1999,3.36511227084814
East Asia & Pacific,Kiribati,Health: Population: Structure,Population ages 65 and above (% of total),1998,3.4111530727353
East Asia & Pacific,Kiribati,Health: Population: Structure,Population ages 65 and above (% of total),1997,3.44806085546826
East Asia & Pacific,Kiribati,Health: Population: Structure,Population ages 65 and above (% of total),1996,3.46864029807243
East Asia & Pacific,Kiribati,Health: Population: Structure,Population ages 65 and above (% of total),1995,3.46855018204743
East Asia & Pacific,Kiribati,Health: Population: Structure,Population ages 65 and above (% of total),1994,3.52270652372382
East Asia & Pacific,Kiribati,Health: Population: Structure,Population ages 65 and above (% of total),1993,3.54322389794247
East Asia & Pacific,Kiribati,Health: Population: Structure,Population ages 65 and above (% of total),1992,3.5239993045618
East Asia & Pacific,Kiribati,Health: Population: Structure,Population ages 65 and above (% of total),1991,3.47634942603598
East Asia & Pacific,Kiribati,Health: Population: Structure,Population ages 65 and above (% of total),1990,3.42213199651987
East Asia & Pacific,"Korea, Dem. Rep.",Health: Population: Structure,Population ages 65 and above (% of total),2010,8.77767993852862
East Asia & Pacific,"Korea, Dem. Rep.",Health: Population: Structure,Population ages 65 and above (% of total),2009,8.55260377503416
East Asia & Pacific,"Korea, Dem. Rep.",Health: Population: Structure,Population ages 65 and above (% of total),2008,8.30506187780817
East Asia & Pacific,"Korea, Dem. Rep.",Health: Population: Structure,Population ages 65 and above (% of total),2007,8.0356561861766
East Asia & Pacific,"Korea, Dem. Rep.",Health: Population: Structure,Population ages 65 and above (% of total),2006,7.74584471514417
East Asia & Pacific,"Korea, Dem. Rep.",Health: Population: Structure,Population ages 65 and above (% of total),2005,7.43775627459651
East Asia & Pacific,"Korea, Dem. Rep.",Health: Population: Structure,Population ages 65 and above (% of total),2004,7.13821173016321
East Asia & Pacific,"Korea, Dem. Rep.",Health: Population: Structure,Population ages 65 and above (% of total),2003,6.83137524722087
East Asia & Pacific,"Korea, Dem. Rep.",Health: Population: Structure,Population ages 65 and above (% of total),2002,6.51986641634033
East Asia & Pacific,"Korea, Dem. Rep.",Health: Population: Structure,Population ages 65 and above (% of total),2001,6.2118934407409
East Asia & Pacific,"Korea, Dem. Rep.",Health: Population: Structure,Population ages 65 and above (% of total),2000,5.91840235500379
East Asia & Pacific,"Korea, Dem. Rep.",Health: Population: Structure,Population ages 65 and above (% of total),1999,5.71046041632741
East Asia & Pacific,"Korea, Dem. Rep.",Health: Population: Structure,Population ages 65 and above (% of total),1998,5.53414023069562
East Asia & Pacific,"Korea, Dem. Rep.",Health: Population: Structure,Population ages 65 and above (% of total),1997,5.38345563244818
East Asia & Pacific,"Korea, Dem. Rep.",Health: Population: Structure,Population ages 65 and above (% of total),1996,5.2478344660439
East Asia & Pacific,"Korea, Dem. Rep.",Health: Population: Structure,Population ages 65 and above (% of total),1995,5.11809818840297
East Asia & Pacific,"Korea, Dem. Rep.",Health: Population: Structure,Population ages 65 and above (% of total),1994,4.94344495604544
East Asia & Pacific,"Korea, Dem. Rep.",Health: Population: Structure,Population ages 65 and above (% of total),1993,4.79224217066526
East Asia & Pacific,"Korea, Dem. Rep.",Health: Population: Structure,Population ages 65 and above (% of total),1992,4.65442548887177
East Asia & Pacific,"Korea, Dem. Rep.",Health: Population: Structure,Population ages 65 and above (% of total),1991,4.51328918751093
East Asia & Pacific,"Korea, Dem. Rep.",Health: Population: Structure,Population ages 65 and above (% of total),1990,4.36040687411937
East Asia & Pacific,"Korea, Rep.",Health: Population: Structure,Population ages 65 and above (% of total),2010,11.0888886811074
East Asia & Pacific,"Korea, Rep.",Health: Population: Structure,Population ages 65 and above (% of total),2009,10.7086568420176
East Asia & Pacific,"Korea, Rep.",Health: Population: Structure,Population ages 65 and above (% of total),2008,10.327357899867
East Asia & Pacific,"Korea, Rep.",Health: Population: Structure,Population ages 65 and above (% of total),2007,9.94538291435036
East Asia & Pacific,"Korea, Rep.",Health: Population: Structure,Population ages 65 and above (% of total),2006,9.56603513578855
East Asia & Pacific,"Korea, Rep.",Health: Population: Structure,Population ages 65 and above (% of total),2005,9.19401671176511
East Asia & Pacific,"Korea, Rep.",Health: Population: Structure,Population ages 65 and above (% of total),2004,8.82965746693808
East Asia & Pacific,"Korea, Rep.",Health: Population: Structure,Population ages 65 and above (% of total),2003,8.47516682042233
East Asia & Pacific,"Korea, Rep.",Health: Population: Structure,Population ages 65 and above (% of total),2002,8.11180275965281
East Asia & Pacific,"Korea, Rep.",Health: Population: Structure,Population ages 65 and above (% of total),2001,7.73012121312756
East Asia & Pacific,"Korea, Rep.",Health: Population: Structure,Population ages 65 and above (% of total),2000,7.3370625385459
East Asia & Pacific,"Korea, Rep.",Health: Population: Structure,Population ages 65 and above (% of total),1999,7.01429046381518
East Asia & Pacific,"Korea, Rep.",Health: Population: Structure,Population ages 65 and above (% of total),1998,6.7012650930977
East Asia & Pacific,"Korea, Rep.",Health: Population: Structure,Population ages 65 and above (% of total),1997,6.4053924284281
East Asia & Pacific,"Korea, Rep.",Health: Population: Structure,Population ages 65 and above (% of total),1996,6.1397263694415
East Asia & Pacific,"Korea, Rep.",Health: Population: Structure,Population ages 65 and above (% of total),1995,5.91046369701435
East Asia & Pacific,"Korea, Rep.",Health: Population: Structure,Population ages 65 and above (% of total),1994,5.69056614496287
East Asia & Pacific,"Korea, Rep.",Health: Population: Structure,Population ages 65 and above (% of total),1993,5.50257951051188
East Asia & Pacific,"Korea, Rep.",Health: Population: Structure,Population ages 65 and above (% of total),1992,5.33547847004348
East Asia & Pacific,"Korea, Rep.",Health: Population: Structure,Population ages 65 and above (% of total),1991,5.16645142351539
East Asia & Pacific,"Korea, Rep.",Health: Population: Structure,Population ages 65 and above (% of total),1990,4.98004363466715
East Asia & Pacific,Lao PDR,Health: Population: Structure,Population ages 65 and above (% of total),2010,3.68166089081077
East Asia & Pacific,Lao PDR,Health: Population: Structure,Population ages 65 and above (% of total),2009,3.68207974025675
East Asia & Pacific,Lao PDR,Health: Population: Structure,Population ages 65 and above (% of total),2008,3.68494331015498
East Asia & Pacific,Lao PDR,Health: Population: Structure,Population ages 65 and above (% of total),2007,3.68679282258806
East Asia & Pacific,Lao PDR,Health: Population: Structure,Population ages 65 and above (% of total),2006,3.68251417191471
East Asia & Pacific,Lao PDR,Health: Population: Structure,Population ages 65 and above (% of total),2005,3.66770339209039
East Asia & Pacific,Lao PDR,Health: Population: Structure,Population ages 65 and above (% of total),2004,3.66318930872357
East Asia & Pacific,Lao PDR,Health: Population: Structure,Population ages 65 and above (% of total),2003,3.65031171340112
East Asia & Pacific,Lao PDR,Health: Population: Structure,Population ages 65 and above (% of total),2002,3.6295830501205
East Asia & Pacific,Lao PDR,Health: Population: Structure,Population ages 65 and above (% of total),2001,3.60134134581796
East Asia & Pacific,Lao PDR,Health: Population: Structure,Population ages 65 and above (% of total),2000,3.56483835774683
East Asia & Pacific,Lao PDR,Health: Population: Structure,Population ages 65 and above (% of total),1999,3.56336803326048
East Asia & Pacific,Lao PDR,Health: Population: Structure,Population ages 65 and above (% of total),1998,3.55805301455623
East Asia & Pacific,Lao PDR,Health: Population: Structure,Population ages 65 and above (% of total),1997,3.54859215200552
East Asia & Pacific,Lao PDR,Health: Population: Structure,Population ages 65 and above (% of total),1996,3.53578909704059
East Asia & Pacific,Lao PDR,Health: Population: Structure,Population ages 65 and above (% of total),1995,3.5198220419476
East Asia & Pacific,Lao PDR,Health: Population: Structure,Population ages 65 and above (% of total),1994,3.53432707422062
East Asia & Pacific,Lao PDR,Health: Population: Structure,Population ages 65 and above (% of total),1993,3.54416192362742
East Asia & Pacific,Lao PDR,Health: Population: Structure,Population ages 65 and above (% of total),1992,3.54785476713103
East Asia & Pacific,Lao PDR,Health: Population: Structure,Population ages 65 and above (% of total),1991,3.54519645096052
East Asia & Pacific,Lao PDR,Health: Population: Structure,Population ages 65 and above (% of total),1990,3.53619805270398
East Asia & Pacific,"Macao SAR, China",Health: Population: Structure,Population ages 65 and above (% of total),2010,7.20129585916136
East Asia & Pacific,"Macao SAR, China",Health: Population: Structure,Population ages 65 and above (% of total),2009,7.15298088817714
East Asia & Pacific,"Macao SAR, China",Health: Population: Structure,Population ages 65 and above (% of total),2008,7.16654115921573
East Asia & Pacific,"Macao SAR, China",Health: Population: Structure,Population ages 65 and above (% of total),2007,7.21286271200878
East Asia & Pacific,"Macao SAR, China",Health: Population: Structure,Population ages 65 and above (% of total),2006,7.26515858986759
East Asia & Pacific,"Macao SAR, China",Health: Population: Structure,Population ages 65 and above (% of total),2005,7.30921138355523
East Asia & Pacific,"Macao SAR, China",Health: Population: Structure,Population ages 65 and above (% of total),2004,7.2124977375763
East Asia & Pacific,"Macao SAR, China",Health: Population: Structure,Population ages 65 and above (% of total),2003,7.17996956211149
East Asia & Pacific,"Macao SAR, China",Health: Population: Structure,Population ages 65 and above (% of total),2002,7.20116709967626
East Asia & Pacific,"Macao SAR, China",Health: Population: Structure,Population ages 65 and above (% of total),2001,7.27045707711692
East Asia & Pacific,"Macao SAR, China",Health: Population: Structure,Population ages 65 and above (% of total),2000,7.36616910584917
East Asia & Pacific,"Macao SAR, China",Health: Population: Structure,Population ages 65 and above (% of total),1999,7.38515635283278
East Asia & Pacific,"Macao SAR, China",Health: Population: Structure,Population ages 65 and above (% of total),1998,7.39547766290203
East Asia & Pacific,"Macao SAR, China",Health: Population: Structure,Population ages 65 and above (% of total),1997,7.38997793855317
East Asia & Pacific,"Macao SAR, China",Health: Population: Structure,Population ages 65 and above (% of total),1996,7.35827219536512
East Asia & Pacific,"Macao SAR, China",Health: Population: Structure,Population ages 65 and above (% of total),1995,7.28406184827046
East Asia & Pacific,"Macao SAR, China",Health: Population: Structure,Population ages 65 and above (% of total),1994,7.20475365189404
East Asia & Pacific,"Macao SAR, China",Health: Population: Structure,Population ages 65 and above (% of total),1993,7.08392093309543
East Asia & Pacific,"Macao SAR, China",Health: Population: Structure,Population ages 65 and above (% of total),1992,6.93940428640627
East Asia & Pacific,"Macao SAR, China",Health: Population: Structure,Population ages 65 and above (% of total),1991,6.80381288499638
East Asia & Pacific,"Macao SAR, China",Health: Population: Structure,Population ages 65 and above (% of total),1990,6.70938329603736
East Asia & Pacific,Malaysia,Health: Population: Structure,Population ages 65 and above (% of total),2010,4.98485410268429
East Asia & Pacific,Malaysia,Health: Population: Structure,Population ages 65 and above (% of total),2009,4.8473194095757
East Asia & Pacific,Malaysia,Health: Population: Structure,Population ages 65 and above (% of total),2008,4.76428851260175
East Asia & Pacific,Malaysia,Health: Population: Structure,Population ages 65 and above (% of total),2007,4.68505159211188
East Asia & Pacific,Malaysia,Health: Population: Structure,Population ages 65 and above (% of total),2006,4.59775743034814
East Asia & Pacific,Malaysia,Health: Population: Structure,Population ages 65 and above (% of total),2005,4.49213875717494
East Asia & Pacific,Malaysia,Health: Population: Structure,Population ages 65 and above (% of total),2004,4.39167629152556
East Asia & Pacific,Malaysia,Health: Population: Structure,Population ages 65 and above (% of total),2003,4.2874659019654
East Asia & Pacific,Malaysia,Health: Population: Structure,Population ages 65 and above (% of total),2002,4.17602118773556
East Asia & Pacific,Malaysia,Health: Population: Structure,Population ages 65 and above (% of total),2001,4.06733110006034
East Asia & Pacific,Malaysia,Health: Population: Structure,Population ages 65 and above (% of total),2000,3.96681833078668
East Asia & Pacific,Malaysia,Health: Population: Structure,Population ages 65 and above (% of total),1999,3.79466778266024
East Asia & Pacific,Malaysia,Health: Population: Structure,Population ages 65 and above (% of total),1998,3.76795409705141
East Asia & Pacific,Malaysia,Health: Population: Structure,Population ages 65 and above (% of total),1997,3.75525176969593
East Asia & Pacific,Malaysia,Health: Population: Structure,Population ages 65 and above (% of total),1996,3.74375361021023
East Asia & Pacific,Malaysia,Health: Population: Structure,Population ages 65 and above (% of total),1995,3.72330072306536
East Asia & Pacific,Malaysia,Health: Population: Structure,Population ages 65 and above (% of total),1994,3.70798424546541
East Asia & Pacific,Malaysia,Health: Population: Structure,Population ages 65 and above (% of total),1993,3.68747665699429
East Asia & Pacific,Malaysia,Health: Population: Structure,Population ages 65 and above (% of total),1992,3.66169739699136
East Asia & Pacific,Malaysia,Health: Population: Structure,Population ages 65 and above (% of total),1991,3.63485300645355
East Asia & Pacific,Malaysia,Health: Population: Structure,Population ages 65 and above (% of total),1990,3.61100157777425
East Asia & Pacific,"Micronesia, Fed. Sts.",Health: Population: Structure,Population ages 65 and above (% of total),2010,3.8458197820863
East Asia & Pacific,"Micronesia, Fed. Sts.",Health: Population: Structure,Population ages 65 and above (% of total),2009,3.85240619078308
East Asia & Pacific,"Micronesia, Fed. Sts.",Health: Population: Structure,Population ages 65 and above (% of total),2008,3.88237996783826
East Asia & Pacific,"Micronesia, Fed. Sts.",Health: Population: Structure,Population ages 65 and above (% of total),2007,3.92558051008755
East Asia & Pacific,"Micronesia, Fed. Sts.",Health: Population: Structure,Population ages 65 and above (% of total),2006,3.96858440575321
East Asia & Pacific,"Micronesia, Fed. Sts.",Health: Population: Structure,Population ages 65 and above (% of total),2005,4.00290024294243
East Asia & Pacific,"Micronesia, Fed. Sts.",Health: Population: Structure,Population ages 65 and above (% of total),2004,3.97185080928924
East Asia & Pacific,"Micronesia, Fed. Sts.",Health: Population: Structure,Population ages 65 and above (% of total),2003,3.93293139604554
East Asia & Pacific,"Micronesia, Fed. Sts.",Health: Population: Structure,Population ages 65 and above (% of total),2002,3.88005570978567
East Asia & Pacific,"Micronesia, Fed. Sts.",Health: Population: Structure,Population ages 65 and above (% of total),2001,3.81263413268638
East Asia & Pacific,"Micronesia, Fed. Sts.",Health: Population: Structure,Population ages 65 and above (% of total),2000,3.7214930652518
East Asia & Pacific,"Micronesia, Fed. Sts.",Health: Population: Structure,Population ages 65 and above (% of total),1999,3.75482338972989
East Asia & Pacific,"Micronesia, Fed. Sts.",Health: Population: Structure,Population ages 65 and above (% of total),1998,3.73258435271074
East Asia & Pacific,"Micronesia, Fed. Sts.",Health: Population: Structure,Population ages 65 and above (% of total),1997,3.66615671022801
East Asia & Pacific,"Micronesia, Fed. Sts.",Health: Population: Structure,Population ages 65 and above (% of total),1996,3.59140499529268
East Asia & Pacific,"Micronesia, Fed. Sts.",Health: Population: Structure,Population ages 65 and above (% of total),1995,3.5274647625423
East Asia & Pacific,"Micronesia, Fed. Sts.",Health: Population: Structure,Population ages 65 and above (% of total),1994,3.52451983367434
East Asia & Pacific,"Micronesia, Fed. Sts.",Health: Population: Structure,Population ages 65 and above (% of total),1993,3.56177299710402
East Asia & Pacific,"Micronesia, Fed. Sts.",Health: Population: Structure,Population ages 65 and above (% of total),1992,3.59622135447482
East Asia & Pacific,"Micronesia, Fed. Sts.",Health: Population: Structure,Population ages 65 and above (% of total),1991,3.60222672064777
East Asia & Pacific,"Micronesia, Fed. Sts.",Health: Population: Structure,Population ages 65 and above (% of total),1990,3.57517310107857
East Asia & Pacific,Mongolia,Health: Population: Structure,Population ages 65 and above (% of total),2010,3.81253509013488
East Asia & Pacific,Mongolia,Health: Population: Structure,Population ages 65 and above (% of total),2009,3.82304728997757
East Asia & Pacific,Mongolia,Health: Population: Structure,Population ages 65 and above (% of total),2008,3.81782325207841
East Asia & Pacific,Mongolia,Health: Population: Structure,Population ages 65 and above (% of total),2007,3.79751278166721
East Asia & Pacific,Mongolia,Health: Population: Structure,Population ages 65 and above (% of total),2006,3.76590199508772
East Asia & Pacific,Mongolia,Health: Population: Structure,Population ages 65 and above (% of total),2005,3.72487528928967
East Asia & Pacific,Mongolia,Health: Population: Structure,Population ages 65 and above (% of total),2004,3.73973462531958
East Asia & Pacific,Mongolia,Health: Population: Structure,Population ages 65 and above (% of total),2003,3.74318815574442
East Asia & Pacific,Mongolia,Health: Population: Structure,Population ages 65 and above (% of total),2002,3.73553869178798
East Asia & Pacific,Mongolia,Health: Population: Structure,Population ages 65 and above (% of total),2001,3.71826762418436
East Asia & Pacific,Mongolia,Health: Population: Structure,Population ages 65 and above (% of total),2000,3.69081494495374
East Asia & Pacific,Mongolia,Health: Population: Structure,Population ages 65 and above (% of total),1999,3.74077557745358
East Asia & Pacific,Mongolia,Health: Population: Structure,Population ages 65 and above (% of total),1998,3.77905643941131
East Asia & Pacific,Mongolia,Health: Population: Structure,Population ages 65 and above (% of total),1997,3.80443671131578
East Asia & Pacific,Mongolia,Health: Population: Structure,Population ages 65 and above (% of total),1996,3.81270420807307
East Asia & Pacific,Mongolia,Health: Population: Structure,Population ages 65 and above (% of total),1995,3.80002419455206
East Asia & Pacific,Mongolia,Health: Population: Structure,Population ages 65 and above (% of total),1994,3.89130430016291
East Asia & Pacific,Mongolia,Health: Population: Structure,Population ages 65 and above (% of total),1993,3.96694244089353
East Asia & Pacific,Mongolia,Health: Population: Structure,Population ages 65 and above (% of total),1992,4.02753547349551
East Asia & Pacific,Mongolia,Health: Population: Structure,Population ages 65 and above (% of total),1991,4.07900194777088
East Asia & Pacific,Mongolia,Health: Population: Structure,Population ages 65 and above (% of total),1990,4.12706116123243
East Asia & Pacific,Myanmar,Health: Population: Structure,Population ages 65 and above (% of total),2010,5.03706405037727
East Asia & Pacific,Myanmar,Health: Population: Structure,Population ages 65 and above (% of total),2009,5.01495579351457
East Asia & Pacific,Myanmar,Health: Population: Structure,Population ages 65 and above (% of total),2008,4.98775367574913
East Asia & Pacific,Myanmar,Health: Population: Structure,Population ages 65 and above (% of total),2007,4.95489105524244
East Asia & Pacific,Myanmar,Health: Population: Structure,Population ages 65 and above (% of total),2006,4.9193555770079
East Asia & Pacific,Myanmar,Health: Population: Structure,Population ages 65 and above (% of total),2005,4.88226958391112
East Asia & Pacific,Myanmar,Health: Population: Structure,Population ages 65 and above (% of total),2004,4.8752962496978
East Asia & Pacific,Myanmar,Health: Population: Structure,Population ages 65 and above (% of total),2003,4.86134245150519
East Asia & Pacific,Myanmar,Health: Population: Structure,Population ages 65 and above (% of total),2002,4.83837199100136
East Asia & Pacific,Myanmar,Health: Population: Structure,Population ages 65 and above (% of total),2001,4.80503814407945
East Asia & Pacific,Myanmar,Health: Population: Structure,Population ages 65 and above (% of total),2000,4.76049496420071
East Asia & Pacific,Myanmar,Health: Population: Structure,Population ages 65 and above (% of total),1999,4.74473996104564
East Asia & Pacific,Myanmar,Health: Population: Structure,Population ages 65 and above (% of total),1998,4.71873690726896
East Asia & Pacific,Myanmar,Health: Population: Structure,Population ages 65 and above (% of total),1997,4.68113652889639
East Asia & Pacific,Myanmar,Health: Population: Structure,Population ages 65 and above (% of total),1996,4.63101098834715
East Asia & Pacific,Myanmar,Health: Population: Structure,Population ages 65 and above (% of total),1995,4.56683400307635
East Asia & Pacific,Myanmar,Health: Population: Structure,Population ages 65 and above (% of total),1994,4.51540412600649
East Asia & Pacific,Myanmar,Health: Population: Structure,Population ages 65 and above (% of total),1993,4.45252544027744
East Asia & Pacific,Myanmar,Health: Population: Structure,Population ages 65 and above (% of total),1992,4.38009927130245
East Asia & Pacific,Myanmar,Health: Population: Structure,Population ages 65 and above (% of total),1991,4.30098091649181
East Asia & Pacific,Myanmar,Health: Population: Structure,Population ages 65 and above (% of total),1990,4.2170161387867
East Asia & Pacific,New Caledonia,Health: Population: Structure,Population ages 65 and above (% of total),2010,9.51023970447949
East Asia & Pacific,New Caledonia,Health: Population: Structure,Population ages 65 and above (% of total),2009,8.96204470317962
East Asia & Pacific,New Caledonia,Health: Population: Structure,Population ages 65 and above (% of total),2008,8.42008087154124
East Asia & Pacific,New Caledonia,Health: Population: Structure,Population ages 65 and above (% of total),2007,7.89132259787834
East Asia & Pacific,New Caledonia,Health: Population: Structure,Population ages 65 and above (% of total),2006,7.38280459611767
East Asia & Pacific,New Caledonia,Health: Population: Structure,Population ages 65 and above (% of total),2005,6.90650376285077
East Asia & Pacific,New Caledonia,Health: Population: Structure,Population ages 65 and above (% of total),2004,6.68666133475518
East Asia & Pacific,New Caledonia,Health: Population: Structure,Population ages 65 and above (% of total),2003,6.4875704581587
East Asia & Pacific,New Caledonia,Health: Population: Structure,Population ages 65 and above (% of total),2002,6.30405923721067
East Asia & Pacific,New Caledonia,Health: Population: Structure,Population ages 65 and above (% of total),2001,6.12611264866483
East Asia & Pacific,New Caledonia,Health: Population: Structure,Population ages 65 and above (% of total),2000,5.94532302842422
East Asia & Pacific,New Caledonia,Health: Population: Structure,Population ages 65 and above (% of total),1999,5.79028366418588
East Asia & Pacific,New Caledonia,Health: Population: Structure,Population ages 65 and above (% of total),1998,5.63395630142211
East Asia & Pacific,New Caledonia,Health: Population: Structure,Population ages 65 and above (% of total),1997,5.47681911525194
East Asia & Pacific,New Caledonia,Health: Population: Structure,Population ages 65 and above (% of total),1996,5.32896403078498
East Asia & Pacific,New Caledonia,Health: Population: Structure,Population ages 65 and above (% of total),1995,5.19032970750219
East Asia & Pacific,New Caledonia,Health: Population: Structure,Population ages 65 and above (% of total),1994,5.1394665815678
East Asia & Pacific,New Caledonia,Health: Population: Structure,Population ages 65 and above (% of total),1993,5.10152087464138
East Asia & Pacific,New Caledonia,Health: Population: Structure,Population ages 65 and above (% of total),1992,5.06777834496059
East Asia & Pacific,New Caledonia,Health: Population: Structure,Population ages 65 and above (% of total),1991,5.03151955605604
East Asia & Pacific,New Caledonia,Health: Population: Structure,Population ages 65 and above (% of total),1990,4.98762882927783
East Asia & Pacific,New Zealand,Health: Population: Structure,Population ages 65 and above (% of total),2010,13.0031698133246
East Asia & Pacific,New Zealand,Health: Population: Structure,Population ages 65 and above (% of total),2009,12.7279329490216
East Asia & Pacific,New Zealand,Health: Population: Structure,Population ages 65 and above (% of total),2008,12.507338905768
East Asia & Pacific,New Zealand,Health: Population: Structure,Population ages 65 and above (% of total),2007,12.3279002156903
East Asia & Pacific,New Zealand,Health: Population: Structure,Population ages 65 and above (% of total),2006,12.1677797985664
East Asia & Pacific,New Zealand,Health: Population: Structure,Population ages 65 and above (% of total),2005,12.0152156178721
East Asia & Pacific,New Zealand,Health: Population: Structure,Population ages 65 and above (% of total),2004,11.9376901763984
East Asia & Pacific,New Zealand,Health: Population: Structure,Population ages 65 and above (% of total),2003,11.8736528949466
East Asia & Pacific,New Zealand,Health: Population: Structure,Population ages 65 and above (% of total),2002,11.8243832500988
East Asia & Pacific,New Zealand,Health: Population: Structure,Population ages 65 and above (% of total),2001,11.7894674334788
East Asia & Pacific,New Zealand,Health: Population: Structure,Population ages 65 and above (% of total),2000,11.7643719898793
East Asia & Pacific,New Zealand,Health: Population: Structure,Population ages 65 and above (% of total),1999,11.7103415360201
East Asia & Pacific,New Zealand,Health: Population: Structure,Population ages 65 and above (% of total),1998,11.6663442152749
East Asia & Pacific,New Zealand,Health: Population: Structure,Population ages 65 and above (% of total),1997,11.6275623637097
East Asia & Pacific,New Zealand,Health: Population: Structure,Population ages 65 and above (% of total),1996,11.5830593620695
East Asia & Pacific,New Zealand,Health: Population: Structure,Population ages 65 and above (% of total),1995,11.5222077637238
East Asia & Pacific,New Zealand,Health: Population: Structure,Population ages 65 and above (% of total),1994,11.4498558035053
East Asia & Pacific,New Zealand,Health: Population: Structure,Population ages 65 and above (% of total),1993,11.3642312905435
East Asia & Pacific,New Zealand,Health: Population: Structure,Population ages 65 and above (% of total),1992,11.2706676011665
East Asia & Pacific,New Zealand,Health: Population: Structure,Population ages 65 and above (% of total),1991,11.1746124618208
East Asia & Pacific,New Zealand,Health: Population: Structure,Population ages 65 and above (% of total),1990,11.0792121579946
East Asia & Pacific,Papua New Guinea,Health: Population: Structure,Population ages 65 and above (% of total),2010,2.78245384421827
East Asia & Pacific,Papua New Guinea,Health: Population: Structure,Population ages 65 and above (% of total),2009,2.75643173629803
East Asia & Pacific,Papua New Guinea,Health: Population: Structure,Population ages 65 and above (% of total),2008,2.7288029678299
East Asia & Pacific,Papua New Guinea,Health: Population: Structure,Population ages 65 and above (% of total),2007,2.69756257172245
East Asia & Pacific,Papua New Guinea,Health: Population: Structure,Population ages 65 and above (% of total),2006,2.66064458277035
East Asia & Pacific,Papua New Guinea,Health: Population: Structure,Population ages 65 and above (% of total),2005,2.61638714584833
East Asia & Pacific,Papua New Guinea,Health: Population: Structure,Population ages 65 and above (% of total),2004,2.60359848943981
East Asia & Pacific,Papua New Guinea,Health: Population: Structure,Population ages 65 and above (% of total),2003,2.58537079435313
East Asia & Pacific,Papua New Guinea,Health: Population: Structure,Population ages 65 and above (% of total),2002,2.56114852889046
East Asia & Pacific,Papua New Guinea,Health: Population: Structure,Population ages 65 and above (% of total),2001,2.53176450954909
East Asia & Pacific,Papua New Guinea,Health: Population: Structure,Population ages 65 and above (% of total),2000,2.49789218598782
East Asia & Pacific,Papua New Guinea,Health: Population: Structure,Population ages 65 and above (% of total),1999,2.49336291592887
East Asia & Pacific,Papua New Guinea,Health: Population: Structure,Population ages 65 and above (% of total),1998,2.48487102071043
East Asia & Pacific,Papua New Guinea,Health: Population: Structure,Population ages 65 and above (% of total),1997,2.470701026098
East Asia & Pacific,Papua New Guinea,Health: Population: Structure,Population ages 65 and above (% of total),1996,2.44942938583906
East Asia & Pacific,Papua New Guinea,Health: Population: Structure,Population ages 65 and above (% of total),1995,2.42011701193975
East Asia & Pacific,Papua New Guinea,Health: Population: Structure,Population ages 65 and above (% of total),1994,2.41783795979704
East Asia & Pacific,Papua New Guinea,Health: Population: Structure,Population ages 65 and above (% of total),1993,2.40922768797388
East Asia & Pacific,Papua New Guinea,Health: Population: Structure,Population ages 65 and above (% of total),1992,2.39284186618459
East Asia & Pacific,Papua New Guinea,Health: Population: Structure,Population ages 65 and above (% of total),1991,2.36669605082951
East Asia & Pacific,Papua New Guinea,Health: Population: Structure,Population ages 65 and above (% of total),1990,2.329756129472
East Asia & Pacific,Philippines,Health: Population: Structure,Population ages 65 and above (% of total),2010,4.15412146630878
East Asia & Pacific,Philippines,Health: Population: Structure,Population ages 65 and above (% of total),2009,3.98980461782534
East Asia & Pacific,Philippines,Health: Population: Structure,Population ages 65 and above (% of total),2008,3.84318590909577
East Asia & Pacific,Philippines,Health: Population: Structure,Population ages 65 and above (% of total),2007,3.70258100476423
East Asia & Pacific,Philippines,Health: Population: Structure,Population ages 65 and above (% of total),2006,3.56173392548635
East Asia & Pacific,Philippines,Health: Population: Structure,Population ages 65 and above (% of total),2005,3.42289645185944
East Asia & Pacific,Philippines,Health: Population: Structure,Population ages 65 and above (% of total),2004,3.38450112604874
East Asia & Pacific,Philippines,Health: Population: Structure,Population ages 65 and above (% of total),2003,3.34913694825277
East Asia & Pacific,Philippines,Health: Population: Structure,Population ages 65 and above (% of total),2002,3.31316637910681
East Asia & Pacific,Philippines,Health: Population: Structure,Population ages 65 and above (% of total),2001,3.27363862320367
East Asia & Pacific,Philippines,Health: Population: Structure,Population ages 65 and above (% of total),2000,3.22903046796534
East Asia & Pacific,Philippines,Health: Population: Structure,Population ages 65 and above (% of total),1999,3.2027722275185
East Asia & Pacific,Philippines,Health: Population: Structure,Population ages 65 and above (% of total),1998,3.17313513348143
East Asia & Pacific,Philippines,Health: Population: Structure,Population ages 65 and above (% of total),1997,3.14162535687221
East Asia & Pacific,Philippines,Health: Population: Structure,Population ages 65 and above (% of total),1996,3.11101550601359
East Asia & Pacific,Philippines,Health: Population: Structure,Population ages 65 and above (% of total),1995,3.08345960468678
East Asia & Pacific,Philippines,Health: Population: Structure,Population ages 65 and above (% of total),1994,3.08608567503692
East Asia & Pacific,Philippines,Health: Population: Structure,Population ages 65 and above (% of total),1993,3.09862939819897
East Asia & Pacific,Philippines,Health: Population: Structure,Population ages 65 and above (% of total),1992,3.11697642220479
East Asia & Pacific,Philippines,Health: Population: Structure,Population ages 65 and above (% of total),1991,3.13346698170396
East Asia & Pacific,Philippines,Health: Population: Structure,Population ages 65 and above (% of total),1990,3.14197994619301
East Asia & Pacific,Samoa,Health: Population: Structure,Population ages 65 and above (% of total),2010,5.05136295953855
East Asia & Pacific,Samoa,Health: Population: Structure,Population ages 65 and above (% of total),2009,5.01461829994586
East Asia & Pacific,Samoa,Health: Population: Structure,Population ages 65 and above (% of total),2008,4.97056258177061
East Asia & Pacific,Samoa,Health: Population: Structure,Population ages 65 and above (% of total),2007,4.92652465457259
East Asia & Pacific,Samoa,Health: Population: Structure,Population ages 65 and above (% of total),2006,4.88534947424229
East Asia & Pacific,Samoa,Health: Population: Structure,Population ages 65 and above (% of total),2005,4.83915788537637
East Asia & Pacific,Samoa,Health: Population: Structure,Population ages 65 and above (% of total),2004,4.77420942537222
East Asia & Pacific,Samoa,Health: Population: Structure,Population ages 65 and above (% of total),2003,4.70291596548794
East Asia & Pacific,Samoa,Health: Population: Structure,Population ages 65 and above (% of total),2002,4.62931503125849
East Asia & Pacific,Samoa,Health: Population: Structure,Population ages 65 and above (% of total),2001,4.55552581065919
East Asia & Pacific,Samoa,Health: Population: Structure,Population ages 65 and above (% of total),2000,4.47386807472482
East Asia & Pacific,Samoa,Health: Population: Structure,Population ages 65 and above (% of total),1999,4.46022629173909
East Asia & Pacific,Samoa,Health: Population: Structure,Population ages 65 and above (% of total),1998,4.42308025829726
East Asia & Pacific,Samoa,Health: Population: Structure,Population ages 65 and above (% of total),1997,4.3567898438362
East Asia & Pacific,Samoa,Health: Population: Structure,Population ages 65 and above (% of total),1996,4.26913286158013
East Asia & Pacific,Samoa,Health: Population: Structure,Population ages 65 and above (% of total),1995,4.17082946438016
East Asia & Pacific,Samoa,Health: Population: Structure,Population ages 65 and above (% of total),1994,4.10519829843707
East Asia & Pacific,Samoa,Health: Population: Structure,Population ages 65 and above (% of total),1993,4.04889776682654
East Asia & Pacific,Samoa,Health: Population: Structure,Population ages 65 and above (% of total),1992,3.99654522613066
East Asia & Pacific,Samoa,Health: Population: Structure,Population ages 65 and above (% of total),1991,3.93666233932457
East Asia & Pacific,Samoa,Health: Population: Structure,Population ages 65 and above (% of total),1990,3.85595431799343
East Asia & Pacific,Singapore,Health: Population: Structure,Population ages 65 and above (% of total),2010,9.01119343109742
East Asia & Pacific,Singapore,Health: Population: Structure,Population ages 65 and above (% of total),2009,8.88430355450691
East Asia & Pacific,Singapore,Health: Population: Structure,Population ages 65 and above (% of total),2008,8.78077366963863
East Asia & Pacific,Singapore,Health: Population: Structure,Population ages 65 and above (% of total),2007,8.64345200553163
East Asia & Pacific,Singapore,Health: Population: Structure,Population ages 65 and above (% of total),2006,8.44920196323134
East Asia & Pacific,Singapore,Health: Population: Structure,Population ages 65 and above (% of total),2005,8.22103106396109
East Asia & Pacific,Singapore,Health: Population: Structure,Population ages 65 and above (% of total),2004,8.00223073986968
East Asia & Pacific,Singapore,Health: Population: Structure,Population ages 65 and above (% of total),2003,7.84500745436712
East Asia & Pacific,Singapore,Health: Population: Structure,Population ages 65 and above (% of total),2002,7.69408007829594
East Asia & Pacific,Singapore,Health: Population: Structure,Population ages 65 and above (% of total),2001,7.52098372529384
East Asia & Pacific,Singapore,Health: Population: Structure,Population ages 65 and above (% of total),2000,7.33717644122288
East Asia & Pacific,Singapore,Health: Population: Structure,Population ages 65 and above (% of total),1999,7.09191787096752
East Asia & Pacific,Singapore,Health: Population: Structure,Population ages 65 and above (% of total),1998,6.86172862706802
East Asia & Pacific,Singapore,Health: Population: Structure,Population ages 65 and above (% of total),1997,6.65614424369537
East Asia & Pacific,Singapore,Health: Population: Structure,Population ages 65 and above (% of total),1996,6.4834401469995
East Asia & Pacific,Singapore,Health: Population: Structure,Population ages 65 and above (% of total),1995,6.34373111164392
East Asia & Pacific,Singapore,Health: Population: Structure,Population ages 65 and above (% of total),1994,6.16074560969975
