East Asia & Pacific,Singapore,Health: Population: Structure,"Population, total",1993,3313500
East Asia & Pacific,Singapore,Health: Population: Structure,"Population, total",1992,3230700
East Asia & Pacific,Singapore,Health: Population: Structure,"Population, total",1991,3135100
East Asia & Pacific,Singapore,Health: Population: Structure,"Population, total",1990,3047100
East Asia & Pacific,Solomon Islands,Health: Population: Structure,"Population, total",2010,526177
East Asia & Pacific,Solomon Islands,Health: Population: Structure,"Population, total",2009,514767
East Asia & Pacific,Solomon Islands,Health: Population: Structure,"Population, total",2008,503410
East Asia & Pacific,Solomon Islands,Health: Population: Structure,"Population, total",2007,492075
East Asia & Pacific,Solomon Islands,Health: Population: Structure,"Population, total",2006,480716
East Asia & Pacific,Solomon Islands,Health: Population: Structure,"Population, total",2005,469306
East Asia & Pacific,Solomon Islands,Health: Population: Structure,"Population, total",2004,457841
East Asia & Pacific,Solomon Islands,Health: Population: Structure,"Population, total",2003,446352
East Asia & Pacific,Solomon Islands,Health: Population: Structure,"Population, total",2002,434893
East Asia & Pacific,Solomon Islands,Health: Population: Structure,"Population, total",2001,423535
East Asia & Pacific,Solomon Islands,Health: Population: Structure,"Population, total",2000,412336
East Asia & Pacific,Solomon Islands,Health: Population: Structure,"Population, total",1999,401319
East Asia & Pacific,Solomon Islands,Health: Population: Structure,"Population, total",1998,390489
East Asia & Pacific,Solomon Islands,Health: Population: Structure,"Population, total",1997,379859
East Asia & Pacific,Solomon Islands,Health: Population: Structure,"Population, total",1996,369438
East Asia & Pacific,Solomon Islands,Health: Population: Structure,"Population, total",1995,359236
East Asia & Pacific,Solomon Islands,Health: Population: Structure,"Population, total",1994,349250
East Asia & Pacific,Solomon Islands,Health: Population: Structure,"Population, total",1993,339490
East Asia & Pacific,Solomon Islands,Health: Population: Structure,"Population, total",1992,329984
East Asia & Pacific,Solomon Islands,Health: Population: Structure,"Population, total",1991,320764
East Asia & Pacific,Solomon Islands,Health: Population: Structure,"Population, total",1990,311849
East Asia & Pacific,Thailand,Health: Population: Structure,"Population, total",2010,66692024
East Asia & Pacific,Thailand,Health: Population: Structure,"Population, total",2009,66548197
East Asia & Pacific,Thailand,Health: Population: Structure,"Population, total",2008,66453255
East Asia & Pacific,Thailand,Health: Population: Structure,"Population, total",2007,66353572
East Asia & Pacific,Thailand,Health: Population: Structure,"Population, total",2006,66174486
East Asia & Pacific,Thailand,Health: Population: Structure,"Population, total",2005,65863973
East Asia & Pacific,Thailand,Health: Population: Structure,"Population, total",2004,65404522
East Asia & Pacific,Thailand,Health: Population: Structure,"Population, total",2003,64817254
East Asia & Pacific,Thailand,Health: Population: Structure,"Population, total",2002,64136669
East Asia & Pacific,Thailand,Health: Population: Structure,"Population, total",2001,63415174
East Asia & Pacific,Thailand,Health: Population: Structure,"Population, total",2000,62693322
East Asia & Pacific,Thailand,Health: Population: Structure,"Population, total",1999,61973957
East Asia & Pacific,Thailand,Health: Population: Structure,"Population, total",1998,61250974
East Asia & Pacific,Thailand,Health: Population: Structure,"Population, total",1997,60544937
East Asia & Pacific,Thailand,Health: Population: Structure,"Population, total",1996,59878955
East Asia & Pacific,Thailand,Health: Population: Structure,"Population, total",1995,59266089
East Asia & Pacific,Thailand,Health: Population: Structure,"Population, total",1994,58722767
East Asia & Pacific,Thailand,Health: Population: Structure,"Population, total",1993,58237672
East Asia & Pacific,Thailand,Health: Population: Structure,"Population, total",1992,57761574
East Asia & Pacific,Thailand,Health: Population: Structure,"Population, total",1991,57225972
East Asia & Pacific,Thailand,Health: Population: Structure,"Population, total",1990,56582824
East Asia & Pacific,Timor-Leste,Health: Population: Structure,"Population, total",2010,1066409
East Asia & Pacific,Timor-Leste,Health: Population: Structure,"Population, total",2009,1048367
East Asia & Pacific,Timor-Leste,Health: Population: Structure,"Population, total",2008,1030630
East Asia & Pacific,Timor-Leste,Health: Population: Structure,"Population, total",2007,1013194
East Asia & Pacific,Timor-Leste,Health: Population: Structure,"Population, total",2006,996052
East Asia & Pacific,Timor-Leste,Health: Population: Structure,"Population, total",2005,979201
East Asia & Pacific,Timor-Leste,Health: Population: Structure,"Population, total",2004,962634
East Asia & Pacific,Timor-Leste,Health: Population: Structure,"Population, total",2003,929431
East Asia & Pacific,Timor-Leste,Health: Population: Structure,"Population, total",2002,894837
East Asia & Pacific,Timor-Leste,Health: Population: Structure,"Population, total",2001,865848
East Asia & Pacific,Timor-Leste,Health: Population: Structure,"Population, total",2000,847185
East Asia & Pacific,Timor-Leste,Health: Population: Structure,"Population, total",1999,841063
East Asia & Pacific,Timor-Leste,Health: Population: Structure,"Population, total",1998,845106
East Asia & Pacific,Timor-Leste,Health: Population: Structure,"Population, total",1997,853867
East Asia & Pacific,Timor-Leste,Health: Population: Structure,"Population, total",1996,859496
East Asia & Pacific,Timor-Leste,Health: Population: Structure,"Population, total",1995,856439
East Asia & Pacific,Timor-Leste,Health: Population: Structure,"Population, total",1994,842752
East Asia & Pacific,Timor-Leste,Health: Population: Structure,"Population, total",1993,820471
East Asia & Pacific,Timor-Leste,Health: Population: Structure,"Population, total",1992,792846
East Asia & Pacific,Timor-Leste,Health: Population: Structure,"Population, total",1991,764884
East Asia & Pacific,Timor-Leste,Health: Population: Structure,"Population, total",1990,740231
East Asia & Pacific,Tonga,Health: Population: Structure,"Population, total",2010,103947
East Asia & Pacific,Tonga,Health: Population: Structure,"Population, total",2009,103416
East Asia & Pacific,Tonga,Health: Population: Structure,"Population, total",2008,102816
East Asia & Pacific,Tonga,Health: Population: Structure,"Population, total",2007,102169
East Asia & Pacific,Tonga,Health: Population: Structure,"Population, total",2006,101507
East Asia & Pacific,Tonga,Health: Population: Structure,"Population, total",2005,100858
East Asia & Pacific,Tonga,Health: Population: Structure,"Population, total",2004,100226
East Asia & Pacific,Tonga,Health: Population: Structure,"Population, total",2003,99606
East Asia & Pacific,Tonga,Health: Population: Structure,"Population, total",2002,99005
East Asia & Pacific,Tonga,Health: Population: Structure,"Population, total",2001,98434
East Asia & Pacific,Tonga,Health: Population: Structure,"Population, total",2000,97898
East Asia & Pacific,Tonga,Health: Population: Structure,"Population, total",1999,97398
East Asia & Pacific,Tonga,Health: Population: Structure,"Population, total",1998,96937
East Asia & Pacific,Tonga,Health: Population: Structure,"Population, total",1997,96526
East Asia & Pacific,Tonga,Health: Population: Structure,"Population, total",1996,96174
East Asia & Pacific,Tonga,Health: Population: Structure,"Population, total",1995,95889
East Asia & Pacific,Tonga,Health: Population: Structure,"Population, total",1994,95678
East Asia & Pacific,Tonga,Health: Population: Structure,"Population, total",1993,95532
East Asia & Pacific,Tonga,Health: Population: Structure,"Population, total",1992,95421
East Asia & Pacific,Tonga,Health: Population: Structure,"Population, total",1991,95304
East Asia & Pacific,Tonga,Health: Population: Structure,"Population, total",1990,95152
East Asia & Pacific,Tuvalu,Health: Population: Structure,"Population, total",2010,9827
East Asia & Pacific,Tuvalu,Health: Population: Structure,"Population, total",2009,9808
East Asia & Pacific,Tuvalu,Health: Population: Structure,"Population, total",2008,9788
East Asia & Pacific,Tuvalu,Health: Population: Structure,"Population, total",2007,9764
East Asia & Pacific,Tuvalu,Health: Population: Structure,"Population, total",2006,9732
East Asia & Pacific,Tuvalu,Health: Population: Structure,"Population, total",2005,9694
East Asia & Pacific,Tuvalu,Health: Population: Structure,"Population, total",2004,9646
East Asia & Pacific,Tuvalu,Health: Population: Structure,"Population, total",2003,9590
East Asia & Pacific,Tuvalu,Health: Population: Structure,"Population, total",2002,9530
East Asia & Pacific,Tuvalu,Health: Population: Structure,"Population, total",2001,9471
East Asia & Pacific,Tuvalu,Health: Population: Structure,"Population, total",2000,9419
East Asia & Pacific,Tuvalu,Health: Population: Structure,"Population, total",1999,9374
East Asia & Pacific,Tuvalu,Health: Population: Structure,"Population, total",1998,9334
East Asia & Pacific,Tuvalu,Health: Population: Structure,"Population, total",1997,9298
East Asia & Pacific,Tuvalu,Health: Population: Structure,"Population, total",1996,9264
East Asia & Pacific,Tuvalu,Health: Population: Structure,"Population, total",1995,9227
East Asia & Pacific,Tuvalu,Health: Population: Structure,"Population, total",1994,9188
East Asia & Pacific,Tuvalu,Health: Population: Structure,"Population, total",1993,9148
East Asia & Pacific,Tuvalu,Health: Population: Structure,"Population, total",1992,9103
East Asia & Pacific,Tuvalu,Health: Population: Structure,"Population, total",1991,9056
East Asia & Pacific,Tuvalu,Health: Population: Structure,"Population, total",1990,9004
East Asia & Pacific,Vanuatu,Health: Population: Structure,"Population, total",2010,236299
East Asia & Pacific,Vanuatu,Health: Population: Structure,"Population, total",2009,230782
East Asia & Pacific,Vanuatu,Health: Population: Structure,"Population, total",2008,225335
East Asia & Pacific,Vanuatu,Health: Population: Structure,"Population, total",2007,219956
East Asia & Pacific,Vanuatu,Health: Population: Structure,"Population, total",2006,214635
East Asia & Pacific,Vanuatu,Health: Population: Structure,"Population, total",2005,209375
East Asia & Pacific,Vanuatu,Health: Population: Structure,"Population, total",2004,204144
East Asia & Pacific,Vanuatu,Health: Population: Structure,"Population, total",2003,198963
East Asia & Pacific,Vanuatu,Health: Population: Structure,"Population, total",2002,193957
East Asia & Pacific,Vanuatu,Health: Population: Structure,"Population, total",2001,189288
East Asia & Pacific,Vanuatu,Health: Population: Structure,"Population, total",2000,185058
East Asia & Pacific,Vanuatu,Health: Population: Structure,"Population, total",1999,181346
East Asia & Pacific,Vanuatu,Health: Population: Structure,"Population, total",1998,178074
East Asia & Pacific,Vanuatu,Health: Population: Structure,"Population, total",1997,175004
East Asia & Pacific,Vanuatu,Health: Population: Structure,"Population, total",1996,171802
East Asia & Pacific,Vanuatu,Health: Population: Structure,"Population, total",1995,168236
East Asia & Pacific,Vanuatu,Health: Population: Structure,"Population, total",1994,164209
East Asia & Pacific,Vanuatu,Health: Population: Structure,"Population, total",1993,159814
East Asia & Pacific,Vanuatu,Health: Population: Structure,"Population, total",1992,155242
East Asia & Pacific,Vanuatu,Health: Population: Structure,"Population, total",1991,150779
East Asia & Pacific,Vanuatu,Health: Population: Structure,"Population, total",1990,146633
East Asia & Pacific,Vietnam,Health: Population: Structure,"Population, total",2010,86932500
East Asia & Pacific,Vietnam,Health: Population: Structure,"Population, total",2009,86025000
East Asia & Pacific,Vietnam,Health: Population: Structure,"Population, total",2008,85118700
East Asia & Pacific,Vietnam,Health: Population: Structure,"Population, total",2007,84218500
East Asia & Pacific,Vietnam,Health: Population: Structure,"Population, total",2006,83311200
East Asia & Pacific,Vietnam,Health: Population: Structure,"Population, total",2005,82392100
East Asia & Pacific,Vietnam,Health: Population: Structure,"Population, total",2004,81436400
East Asia & Pacific,Vietnam,Health: Population: Structure,"Population, total",2003,80467400
East Asia & Pacific,Vietnam,Health: Population: Structure,"Population, total",2002,79537700
East Asia & Pacific,Vietnam,Health: Population: Structure,"Population, total",2001,78620500
East Asia & Pacific,Vietnam,Health: Population: Structure,"Population, total",2000,77630900
East Asia & Pacific,Vietnam,Health: Population: Structure,"Population, total",1999,76596700
East Asia & Pacific,Vietnam,Health: Population: Structure,"Population, total",1998,75456300
East Asia & Pacific,Vietnam,Health: Population: Structure,"Population, total",1997,74306900
East Asia & Pacific,Vietnam,Health: Population: Structure,"Population, total",1996,73156700
East Asia & Pacific,Vietnam,Health: Population: Structure,"Population, total",1995,71995500
East Asia & Pacific,Vietnam,Health: Population: Structure,"Population, total",1994,70824500
East Asia & Pacific,Vietnam,Health: Population: Structure,"Population, total",1993,69644500
East Asia & Pacific,Vietnam,Health: Population: Structure,"Population, total",1992,68450100
East Asia & Pacific,Vietnam,Health: Population: Structure,"Population, total",1991,67242400
East Asia & Pacific,Vietnam,Health: Population: Structure,"Population, total",1990,66016700
South Asia,Afghanistan,Health: Population: Structure,"Population, total",2010,27962207
South Asia,Afghanistan,Health: Population: Structure,"Population, total",2009,27207291
South Asia,Afghanistan,Health: Population: Structure,"Population, total",2008,26528741
South Asia,Afghanistan,Health: Population: Structure,"Population, total",2007,25877544
South Asia,Afghanistan,Health: Population: Structure,"Population, total",2006,25183615
South Asia,Afghanistan,Health: Population: Structure,"Population, total",2005,24399948
South Asia,Afghanistan,Health: Population: Structure,"Population, total",2004,23499850
South Asia,Afghanistan,Health: Population: Structure,"Population, total",2003,22507368
South Asia,Afghanistan,Health: Population: Structure,"Population, total",2002,21487079
South Asia,Afghanistan,Health: Population: Structure,"Population, total",2001,20531160
South Asia,Afghanistan,Health: Population: Structure,"Population, total",2000,19701940
South Asia,Afghanistan,Health: Population: Structure,"Population, total",1999,19038420
South Asia,Afghanistan,Health: Population: Structure,"Population, total",1998,18511480
South Asia,Afghanistan,Health: Population: Structure,"Population, total",1997,18034130
South Asia,Afghanistan,Health: Population: Structure,"Population, total",1996,17481800
South Asia,Afghanistan,Health: Population: Structure,"Population, total",1995,16772522
South Asia,Afghanistan,Health: Population: Structure,"Population, total",1994,15869967
South Asia,Afghanistan,Health: Population: Structure,"Population, total",1993,14824371
South Asia,Afghanistan,Health: Population: Structure,"Population, total",1992,13745630
South Asia,Afghanistan,Health: Population: Structure,"Population, total",1991,12789374
South Asia,Afghanistan,Health: Population: Structure,"Population, total",1990,12067570
South Asia,Bangladesh,Health: Population: Structure,"Population, total",2010,151616777
South Asia,Bangladesh,Health: Population: Structure,"Population, total",2009,149905836
South Asia,Bangladesh,Health: Population: Structure,"Population, total",2008,148252473
South Asia,Bangladesh,Health: Population: Structure,"Population, total",2007,146592687
South Asia,Bangladesh,Health: Population: Structure,"Population, total",2006,144839238
South Asia,Bangladesh,Health: Population: Structure,"Population, total",2005,142929979
South Asia,Bangladesh,Health: Population: Structure,"Population, total",2004,140843786
South Asia,Bangladesh,Health: Population: Structure,"Population, total",2003,138600174
South Asia,Bangladesh,Health: Population: Structure,"Population, total",2002,136228456
South Asia,Bangladesh,Health: Population: Structure,"Population, total",2001,133776064
South Asia,Bangladesh,Health: Population: Structure,"Population, total",2000,131280739
South Asia,Bangladesh,Health: Population: Structure,"Population, total",1999,128746273
South Asia,Bangladesh,Health: Population: Structure,"Population, total",1998,126169583
South Asia,Bangladesh,Health: Population: Structure,"Population, total",1997,123574107
South Asia,Bangladesh,Health: Population: Structure,"Population, total",1996,120987124
South Asia,Bangladesh,Health: Population: Structure,"Population, total",1995,118427768
South Asia,Bangladesh,Health: Population: Structure,"Population, total",1994,115913710
South Asia,Bangladesh,Health: Population: Structure,"Population, total",1993,113442354
South Asia,Bangladesh,Health: Population: Structure,"Population, total",1992,110987459
South Asia,Bangladesh,Health: Population: Structure,"Population, total",1991,108509679
South Asia,Bangladesh,Health: Population: Structure,"Population, total",1990,105983136
South Asia,Bhutan,Health: Population: Structure,"Population, total",2010,720246
South Asia,Bhutan,Health: Population: Structure,"Population, total",2009,707830
South Asia,Bhutan,Health: Population: Structure,"Population, total",2008,694990
South Asia,Bhutan,Health: Population: Structure,"Population, total",2007,681471
South Asia,Bhutan,Health: Population: Structure,"Population, total",2006,666920
South Asia,Bhutan,Health: Population: Structure,"Population, total",2005,651163
South Asia,Bhutan,Health: Population: Structure,"Population, total",2004,634235
South Asia,Bhutan,Health: Population: Structure,"Population, total",2003,616474
South Asia,Bhutan,Health: Population: Structure,"Population, total",2002,598421
South Asia,Bhutan,Health: Population: Structure,"Population, total",2001,580784
South Asia,Bhutan,Health: Population: Structure,"Population, total",2000,564187
South Asia,Bhutan,Health: Population: Structure,"Population, total",1999,548387
South Asia,Bhutan,Health: Population: Structure,"Population, total",1998,533506
South Asia,Bhutan,Health: Population: Structure,"Population, total",1997,520917
South Asia,Bhutan,Health: Population: Structure,"Population, total",1996,512377
South Asia,Bhutan,Health: Population: Structure,"Population, total",1995,508897
South Asia,Bhutan,Health: Population: Structure,"Population, total",1994,511382
South Asia,Bhutan,Health: Population: Structure,"Population, total",1993,518847
South Asia,Bhutan,Health: Population: Structure,"Population, total",1992,528085
South Asia,Bhutan,Health: Population: Structure,"Population, total",1991,534678
South Asia,Bhutan,Health: Population: Structure,"Population, total",1990,535505
South Asia,India,Health: Population: Structure,"Population, total",2010,1230984504
South Asia,India,Health: Population: Structure,"Population, total",2009,1214182182
South Asia,India,Health: Population: Structure,"Population, total",2008,1197070109
South Asia,India,Health: Population: Structure,"Population, total",2007,1179685631
South Asia,India,Health: Population: Structure,"Population, total",2006,1162088305
South Asia,India,Health: Population: Structure,"Population, total",2005,1144326293
South Asia,India,Health: Population: Structure,"Population, total",2004,1126419321
South Asia,India,Health: Population: Structure,"Population, total",2003,1108369577
South Asia,India,Health: Population: Structure,"Population, total",2002,1090189358
South Asia,India,Health: Population: Structure,"Population, total",2001,1071888190
South Asia,India,Health: Population: Structure,"Population, total",2000,1053481072
South Asia,India,Health: Population: Structure,"Population, total",1999,1034976626
South Asia,India,Health: Population: Structure,"Population, total",1998,1016402907
South Asia,India,Health: Population: Structure,"Population, total",1997,997817250
South Asia,India,Health: Population: Structure,"Population, total",1996,979290432
South Asia,India,Health: Population: Structure,"Population, total",1995,960874982
South Asia,India,Health: Population: Structure,"Population, total",1994,942604211
South Asia,India,Health: Population: Structure,"Population, total",1993,924475633
South Asia,India,Health: Population: Structure,"Population, total",1992,906461358
South Asia,India,Health: Population: Structure,"Population, total",1991,888513869
South Asia,India,Health: Population: Structure,"Population, total",1990,870601776
South Asia,Maldives,Health: Population: Structure,"Population, total",2010,367000
South Asia,Maldives,Health: Population: Structure,"Population, total",2009,360000
South Asia,Maldives,Health: Population: Structure,"Population, total",2008,362000
South Asia,Maldives,Health: Population: Structure,"Population, total",2007,349000
South Asia,Maldives,Health: Population: Structure,"Population, total",2006,333000
South Asia,Maldives,Health: Population: Structure,"Population, total",2005,321000
South Asia,Maldives,Health: Population: Structure,"Population, total",2004,312000
South Asia,Maldives,Health: Population: Structure,"Population, total",2003,304000
South Asia,Maldives,Health: Population: Structure,"Population, total",2002,297000
South Asia,Maldives,Health: Population: Structure,"Population, total",2001,292000
South Asia,Maldives,Health: Population: Structure,"Population, total",2000,286000
South Asia,Maldives,Health: Population: Structure,"Population, total",1999,280000
South Asia,Maldives,Health: Population: Structure,"Population, total",1998,271000
South Asia,Maldives,Health: Population: Structure,"Population, total",1997,264000
South Asia,Maldives,Health: Population: Structure,"Population, total",1996,262000
South Asia,Maldives,Health: Population: Structure,"Population, total",1995,255000
South Asia,Maldives,Health: Population: Structure,"Population, total",1994,245000
South Asia,Maldives,Health: Population: Structure,"Population, total",1993,242000
South Asia,Maldives,Health: Population: Structure,"Population, total",1992,234000
South Asia,Maldives,Health: Population: Structure,"Population, total",1991,227000
South Asia,Maldives,Health: Population: Structure,"Population, total",1990,218000
South Asia,Nepal,Health: Population: Structure,"Population, total",2010,26875910
South Asia,Nepal,Health: Population: Structure,"Population, total",2009,26592666
South Asia,Nepal,Health: Population: Structure,"Population, total",2008,26325183
South Asia,Nepal,Health: Population: Structure,"Population, total",2007,26063619
South Asia,Nepal,Health: Population: Structure,"Population, total",2006,25794344
South Asia,Nepal,Health: Population: Structure,"Population, total",2005,25506847
South Asia,Nepal,Health: Population: Structure,"Population, total",2004,25198130
South Asia,Nepal,Health: Population: Structure,"Population, total",2003,24868900
South Asia,Nepal,Health: Population: Structure,"Population, total",2002,24516969
South Asia,Nepal,Health: Population: Structure,"Population, total",2001,24140941
South Asia,Nepal,Health: Population: Structure,"Population, total",2000,23740145
South Asia,Nepal,Health: Population: Structure,"Population, total",1999,23315053
South Asia,Nepal,Health: Population: Structure,"Population, total",1998,22866496
South Asia,Nepal,Health: Population: Structure,"Population, total",1997,22395247
South Asia,Nepal,Health: Population: Structure,"Population, total",1996,21902534
South Asia,Nepal,Health: Population: Structure,"Population, total",1995,21390905
South Asia,Nepal,Health: Population: Structure,"Population, total",1994,20859421
South Asia,Nepal,Health: Population: Structure,"Population, total",1993,20312687
South Asia,Nepal,Health: Population: Structure,"Population, total",1992,19765570
South Asia,Nepal,Health: Population: Structure,"Population, total",1991,19237322
South Asia,Nepal,Health: Population: Structure,"Population, total",1990,18741688
South Asia,Pakistan,Health: Population: Structure,"Population, total",2010,170043918
South Asia,Pakistan,Health: Population: Structure,"Population, total",2009,166520983
South Asia,Pakistan,Health: Population: Structure,"Population, total",2008,163096985
South Asia,Pakistan,Health: Population: Structure,"Population, total",2007,159767672
South Asia,Pakistan,Health: Population: Structure,"Population, total",2006,156524189
South Asia,Pakistan,Health: Population: Structure,"Population, total",2005,153356383
South Asia,Pakistan,Health: Population: Structure,"Population, total",2004,150267989
South Asia,Pakistan,Health: Population: Structure,"Population, total",2003,147251530
South Asia,Pakistan,Health: Population: Structure,"Population, total",2002,144271586
South Asia,Pakistan,Health: Population: Structure,"Population, total",2001,141282077
South Asia,Pakistan,Health: Population: Structure,"Population, total",2000,138250487
South Asia,Pakistan,Health: Population: Structure,"Population, total",1999,135158132
South Asia,Pakistan,Health: Population: Structure,"Population, total",1998,132013680
South Asia,Pakistan,Health: Population: Structure,"Population, total",1997,128845692
South Asia,Pakistan,Health: Population: Structure,"Population, total",1996,125697651
South Asia,Pakistan,Health: Population: Structure,"Population, total",1995,122599749
South Asia,Pakistan,Health: Population: Structure,"Population, total",1994,119564925
South Asia,Pakistan,Health: Population: Structure,"Population, total",1993,116579605
South Asia,Pakistan,Health: Population: Structure,"Population, total",1992,113616165
South Asia,Pakistan,Health: Population: Structure,"Population, total",1991,110634399
South Asia,Pakistan,Health: Population: Structure,"Population, total",1990,107607639
South Asia,Sri Lanka,Health: Population: Structure,"Population, total",2010,20653000
South Asia,Sri Lanka,Health: Population: Structure,"Population, total",2009,20450000
South Asia,Sri Lanka,Health: Population: Structure,"Population, total",2008,20246000
South Asia,Sri Lanka,Health: Population: Structure,"Population, total",2007,20039000
South Asia,Sri Lanka,Health: Population: Structure,"Population, total",2006,19858000
South Asia,Sri Lanka,Health: Population: Structure,"Population, total",2005,19644000
South Asia,Sri Lanka,Health: Population: Structure,"Population, total",2004,19435000
South Asia,Sri Lanka,Health: Population: Structure,"Population, total",2003,19173000
South Asia,Sri Lanka,Health: Population: Structure,"Population, total",2002,18921000
South Asia,Sri Lanka,Health: Population: Structure,"Population, total",2001,18797000
South Asia,Sri Lanka,Health: Population: Structure,"Population, total",2000,19102000
South Asia,Sri Lanka,Health: Population: Structure,"Population, total",1999,19056000
South Asia,Sri Lanka,Health: Population: Structure,"Population, total",1998,18784000
South Asia,Sri Lanka,Health: Population: Structure,"Population, total",1997,18568000
South Asia,Sri Lanka,Health: Population: Structure,"Population, total",1996,18336000
South Asia,Sri Lanka,Health: Population: Structure,"Population, total",1995,18136000
South Asia,Sri Lanka,Health: Population: Structure,"Population, total",1994,17891000
South Asia,Sri Lanka,Health: Population: Structure,"Population, total",1993,17646000
South Asia,Sri Lanka,Health: Population: Structure,"Population, total",1992,17426000
South Asia,Sri Lanka,Health: Population: Structure,"Population, total",1991,17267000
South Asia,Sri Lanka,Health: Population: Structure,"Population, total",1990,17015000
East Asia & Pacific,American Samoa,Health: Population: Structure,"Population, total",2010,55636
East Asia & Pacific,American Samoa,Health: Population: Structure,"Population, total",2009,56226
East Asia & Pacific,American Samoa,Health: Population: Structure,"Population, total",2008,57031
East Asia & Pacific,American Samoa,Health: Population: Structure,"Population, total",2007,57904
East Asia & Pacific,American Samoa,Health: Population: Structure,"Population, total",2006,58648
East Asia & Pacific,American Samoa,Health: Population: Structure,"Population, total",2005,59117
East Asia & Pacific,American Samoa,Health: Population: Structure,"Population, total",2004,59262
East Asia & Pacific,American Samoa,Health: Population: Structure,"Population, total",2003,59117
East Asia & Pacific,American Samoa,Health: Population: Structure,"Population, total",2002,58729
East Asia & Pacific,American Samoa,Health: Population: Structure,"Population, total",2001,58176
East Asia & Pacific,American Samoa,Health: Population: Structure,"Population, total",2000,57522
East Asia & Pacific,American Samoa,Health: Population: Structure,"Population, total",1999,56768
East Asia & Pacific,American Samoa,Health: Population: Structure,"Population, total",1998,55899
East Asia & Pacific,American Samoa,Health: Population: Structure,"Population, total",1997,54942
East Asia & Pacific,American Samoa,Health: Population: Structure,"Population, total",1996,53926
East Asia & Pacific,American Samoa,Health: Population: Structure,"Population, total",1995,52874
East Asia & Pacific,American Samoa,Health: Population: Structure,"Population, total",1994,51807
East Asia & Pacific,American Samoa,Health: Population: Structure,"Population, total",1993,50725
East Asia & Pacific,American Samoa,Health: Population: Structure,"Population, total",1992,49597
East Asia & Pacific,American Samoa,Health: Population: Structure,"Population, total",1991,48379
East Asia & Pacific,American Samoa,Health: Population: Structure,"Population, total",1990,47044
East Asia & Pacific,Brunei Darussalam,Health: Population: Structure,"Population, total",2010,393302
East Asia & Pacific,Brunei Darussalam,Health: Population: Structure,"Population, total",2009,387080
East Asia & Pacific,Brunei Darussalam,Health: Population: Structure,"Population, total",2008,380786
East Asia & Pacific,Brunei Darussalam,Health: Population: Structure,"Population, total",2007,374459
East Asia & Pacific,Brunei Darussalam,Health: Population: Structure,"Population, total",2006,368150
East Asia & Pacific,Brunei Darussalam,Health: Population: Structure,"Population, total",2005,361889
East Asia & Pacific,Brunei Darussalam,Health: Population: Structure,"Population, total",2004,355700
East Asia & Pacific,Brunei Darussalam,Health: Population: Structure,"Population, total",2003,349557
East Asia & Pacific,Brunei Darussalam,Health: Population: Structure,"Population, total",2002,343383
East Asia & Pacific,Brunei Darussalam,Health: Population: Structure,"Population, total",2001,337074
East Asia & Pacific,Brunei Darussalam,Health: Population: Structure,"Population, total",2000,330554
East Asia & Pacific,Brunei Darussalam,Health: Population: Structure,"Population, total",1999,323812
East Asia & Pacific,Brunei Darussalam,Health: Population: Structure,"Population, total",1998,316873
East Asia & Pacific,Brunei Darussalam,Health: Population: Structure,"Population, total",1997,309746
East Asia & Pacific,Brunei Darussalam,Health: Population: Structure,"Population, total",1996,302449
East Asia & Pacific,Brunei Darussalam,Health: Population: Structure,"Population, total",1995,295010
East Asia & Pacific,Brunei Darussalam,Health: Population: Structure,"Population, total",1994,287423
East Asia & Pacific,Brunei Darussalam,Health: Population: Structure,"Population, total",1993,279717
East Asia & Pacific,Brunei Darussalam,Health: Population: Structure,"Population, total",1992,271989
East Asia & Pacific,Brunei Darussalam,Health: Population: Structure,"Population, total",1991,264365
East Asia & Pacific,Brunei Darussalam,Health: Population: Structure,"Population, total",1990,256939
East Asia & Pacific,Cambodia,Health: Population: Structure,"Population, total",2010,14363586
East Asia & Pacific,Cambodia,Health: Population: Structure,"Population, total",2009,14144337
East Asia & Pacific,Cambodia,Health: Population: Structure,"Population, total",2008,13933660
East Asia & Pacific,Cambodia,Health: Population: Structure,"Population, total",2007,13728700
East Asia & Pacific,Cambodia,Health: Population: Structure,"Population, total",2006,13525360
East Asia & Pacific,Cambodia,Health: Population: Structure,"Population, total",2005,13320058
East Asia & Pacific,Cambodia,Health: Population: Structure,"Population, total",2004,13112334
East Asia & Pacific,Cambodia,Health: Population: Structure,"Population, total",2003,12901217
East Asia & Pacific,Cambodia,Health: Population: Structure,"Population, total",2002,12681984
East Asia & Pacific,Cambodia,Health: Population: Structure,"Population, total",2001,12448881
East Asia & Pacific,Cambodia,Health: Population: Structure,"Population, total",2000,12197905
East Asia & Pacific,Cambodia,Health: Population: Structure,"Population, total",1999,11928306
East Asia & Pacific,Cambodia,Health: Population: Structure,"Population, total",1998,11641509
East Asia & Pacific,Cambodia,Health: Population: Structure,"Population, total",1997,11338733
East Asia & Pacific,Cambodia,Health: Population: Structure,"Population, total",1996,11022162
East Asia & Pacific,Cambodia,Health: Population: Structure,"Population, total",1995,10694459
East Asia & Pacific,Cambodia,Health: Population: Structure,"Population, total",1994,10355253
East Asia & Pacific,Cambodia,Health: Population: Structure,"Population, total",1993,10007092
East Asia & Pacific,Cambodia,Health: Population: Structure,"Population, total",1992,9659238
East Asia & Pacific,Cambodia,Health: Population: Structure,"Population, total",1991,9323607
East Asia & Pacific,Cambodia,Health: Population: Structure,"Population, total",1990,9008856
East Asia & Pacific,China,Health: Population: Structure,"Population, total",2010,1337705000
East Asia & Pacific,China,Health: Population: Structure,"Population, total",2009,1331260000
East Asia & Pacific,China,Health: Population: Structure,"Population, total",2008,1324655000
East Asia & Pacific,China,Health: Population: Structure,"Population, total",2007,1317885000
East Asia & Pacific,China,Health: Population: Structure,"Population, total",2006,1311020000
East Asia & Pacific,China,Health: Population: Structure,"Population, total",2005,1303720000
East Asia & Pacific,China,Health: Population: Structure,"Population, total",2004,1296075000
East Asia & Pacific,China,Health: Population: Structure,"Population, total",2003,1288400000
East Asia & Pacific,China,Health: Population: Structure,"Population, total",2002,1280400000
East Asia & Pacific,China,Health: Population: Structure,"Population, total",2001,1271850000
East Asia & Pacific,China,Health: Population: Structure,"Population, total",2000,1262645000
East Asia & Pacific,China,Health: Population: Structure,"Population, total",1999,1252735000
East Asia & Pacific,China,Health: Population: Structure,"Population, total",1998,1241935000
East Asia & Pacific,China,Health: Population: Structure,"Population, total",1997,1230075000
East Asia & Pacific,China,Health: Population: Structure,"Population, total",1996,1217550000
East Asia & Pacific,China,Health: Population: Structure,"Population, total",1995,1204855000
East Asia & Pacific,China,Health: Population: Structure,"Population, total",1994,1191835000
East Asia & Pacific,China,Health: Population: Structure,"Population, total",1993,1178440000
East Asia & Pacific,China,Health: Population: Structure,"Population, total",1992,1164970000
East Asia & Pacific,China,Health: Population: Structure,"Population, total",1991,1150780000
East Asia & Pacific,China,Health: Population: Structure,"Population, total",1990,1135185000
East Asia & Pacific,Fiji,Health: Population: Structure,"Population, total",2010,859952
East Asia & Pacific,Fiji,Health: Population: Structure,"Population, total",2009,851854
East Asia & Pacific,Fiji,Health: Population: Structure,"Population, total",2008,843206
East Asia & Pacific,Fiji,Health: Population: Structure,"Population, total",2007,834729
East Asia & Pacific,Fiji,Health: Population: Structure,"Population, total",2006,827390
East Asia & Pacific,Fiji,Health: Population: Structure,"Population, total",2005,821820
East Asia & Pacific,Fiji,Health: Population: Structure,"Population, total",2004,818355
East Asia & Pacific,Fiji,Health: Population: Structure,"Population, total",2003,816626
East Asia & Pacific,Fiji,Health: Population: Structure,"Population, total",2002,815691
East Asia & Pacific,Fiji,Health: Population: Structure,"Population, total",2001,814215
East Asia & Pacific,Fiji,Health: Population: Structure,"Population, total",2000,811223
East Asia & Pacific,Fiji,Health: Population: Structure,"Population, total",1999,806494
East Asia & Pacific,Fiji,Health: Population: Structure,"Population, total",1998,800314
East Asia & Pacific,Fiji,Health: Population: Structure,"Population, total",1997,792859
East Asia & Pacific,Fiji,Health: Population: Structure,"Population, total",1996,784479
East Asia & Pacific,Fiji,Health: Population: Structure,"Population, total",1995,775498
East Asia & Pacific,Fiji,Health: Population: Structure,"Population, total",1994,765666
East Asia & Pacific,Fiji,Health: Population: Structure,"Population, total",1993,755024
East Asia & Pacific,Fiji,Health: Population: Structure,"Population, total",1992,744534
East Asia & Pacific,Fiji,Health: Population: Structure,"Population, total",1991,735469
East Asia & Pacific,Fiji,Health: Population: Structure,"Population, total",1990,728626
East Asia & Pacific,French Polynesia,Health: Population: Structure,"Population, total",2010,268065
East Asia & Pacific,French Polynesia,Health: Population: Structure,"Population, total",2009,265412
East Asia & Pacific,French Polynesia,Health: Population: Structure,"Population, total",2008,262877
East Asia & Pacific,French Polynesia,Health: Population: Structure,"Population, total",2007,260361
East Asia & Pacific,French Polynesia,Health: Population: Structure,"Population, total",2006,257731
East Asia & Pacific,French Polynesia,Health: Population: Structure,"Population, total",2005,254884
East Asia & Pacific,French Polynesia,Health: Population: Structure,"Population, total",2004,251811
East Asia & Pacific,French Polynesia,Health: Population: Structure,"Population, total",2003,248536
East Asia & Pacific,French Polynesia,Health: Population: Structure,"Population, total",2002,245032
East Asia & Pacific,French Polynesia,Health: Population: Structure,"Population, total",2001,241276
East Asia & Pacific,French Polynesia,Health: Population: Structure,"Population, total",2000,237267
East Asia & Pacific,French Polynesia,Health: Population: Structure,"Population, total",1999,232956
East Asia & Pacific,French Polynesia,Health: Population: Structure,"Population, total",1998,228380
East Asia & Pacific,French Polynesia,Health: Population: Structure,"Population, total",1997,223734
East Asia & Pacific,French Polynesia,Health: Population: Structure,"Population, total",1996,219282
East Asia & Pacific,French Polynesia,Health: Population: Structure,"Population, total",1995,215200
East Asia & Pacific,French Polynesia,Health: Population: Structure,"Population, total",1994,211584
East Asia & Pacific,French Polynesia,Health: Population: Structure,"Population, total",1993,208349
East Asia & Pacific,French Polynesia,Health: Population: Structure,"Population, total",1992,205269
East Asia & Pacific,French Polynesia,Health: Population: Structure,"Population, total",1991,202020
East Asia & Pacific,French Polynesia,Health: Population: Structure,"Population, total",1990,198370
East Asia & Pacific,Guam,Health: Population: Structure,"Population, total",2010,159440
East Asia & Pacific,Guam,Health: Population: Structure,"Population, total",2009,158621
East Asia & Pacific,Guam,Health: Population: Structure,"Population, total",2008,158310
East Asia & Pacific,Guam,Health: Population: Structure,"Population, total",2007,158332
East Asia & Pacific,Guam,Health: Population: Structure,"Population, total",2006,158429
East Asia & Pacific,Guam,Health: Population: Structure,"Population, total",2005,158401
East Asia & Pacific,Guam,Health: Population: Structure,"Population, total",2004,158194
East Asia & Pacific,Guam,Health: Population: Structure,"Population, total",2003,157823
East Asia & Pacific,Guam,Health: Population: Structure,"Population, total",2002,157241
East Asia & Pacific,Guam,Health: Population: Structure,"Population, total",2001,156417
East Asia & Pacific,Guam,Health: Population: Structure,"Population, total",2000,155328
East Asia & Pacific,Guam,Health: Population: Structure,"Population, total",1999,153951
East Asia & Pacific,Guam,Health: Population: Structure,"Population, total",1998,152275
East Asia & Pacific,Guam,Health: Population: Structure,"Population, total",1997,150306
East Asia & Pacific,Guam,Health: Population: Structure,"Population, total",1996,148060
East Asia & Pacific,Guam,Health: Population: Structure,"Population, total",1995,145562
East Asia & Pacific,Guam,Health: Population: Structure,"Population, total",1994,142806
East Asia & Pacific,Guam,Health: Population: Structure,"Population, total",1993,139820
East Asia & Pacific,Guam,Health: Population: Structure,"Population, total",1992,136696
East Asia & Pacific,Guam,Health: Population: Structure,"Population, total",1991,133553
East Asia & Pacific,Guam,Health: Population: Structure,"Population, total",1990,130482
East Asia & Pacific,"Hong Kong SAR, China",Health: Population: Structure,"Population, total",2010,7024200
East Asia & Pacific,"Hong Kong SAR, China",Health: Population: Structure,"Population, total",2009,6972800
East Asia & Pacific,"Hong Kong SAR, China",Health: Population: Structure,"Population, total",2008,6957800
East Asia & Pacific,"Hong Kong SAR, China",Health: Population: Structure,"Population, total",2007,6916300
East Asia & Pacific,"Hong Kong SAR, China",Health: Population: Structure,"Population, total",2006,6857100
East Asia & Pacific,"Hong Kong SAR, China",Health: Population: Structure,"Population, total",2005,6813200
East Asia & Pacific,"Hong Kong SAR, China",Health: Population: Structure,"Population, total",2004,6783500
East Asia & Pacific,"Hong Kong SAR, China",Health: Population: Structure,"Population, total",2003,6730800
East Asia & Pacific,"Hong Kong SAR, China",Health: Population: Structure,"Population, total",2002,6744100
East Asia & Pacific,"Hong Kong SAR, China",Health: Population: Structure,"Population, total",2001,6714300
East Asia & Pacific,"Hong Kong SAR, China",Health: Population: Structure,"Population, total",2000,6665000
East Asia & Pacific,"Hong Kong SAR, China",Health: Population: Structure,"Population, total",1999,6606500
East Asia & Pacific,"Hong Kong SAR, China",Health: Population: Structure,"Population, total",1998,6543700
East Asia & Pacific,"Hong Kong SAR, China",Health: Population: Structure,"Population, total",1997,6489300
East Asia & Pacific,"Hong Kong SAR, China",Health: Population: Structure,"Population, total",1996,6435500
East Asia & Pacific,"Hong Kong SAR, China",Health: Population: Structure,"Population, total",1995,6156100
East Asia & Pacific,"Hong Kong SAR, China",Health: Population: Structure,"Population, total",1994,6035400
East Asia & Pacific,"Hong Kong SAR, China",Health: Population: Structure,"Population, total",1993,5901000
East Asia & Pacific,"Hong Kong SAR, China",Health: Population: Structure,"Population, total",1992,5800500
East Asia & Pacific,"Hong Kong SAR, China",Health: Population: Structure,"Population, total",1991,5752000
East Asia & Pacific,"Hong Kong SAR, China",Health: Population: Structure,"Population, total",1990,5704500
East Asia & Pacific,Indonesia,Health: Population: Structure,"Population, total",2010,241613126
East Asia & Pacific,Indonesia,Health: Population: Structure,"Population, total",2009,238465165
East Asia & Pacific,Indonesia,Health: Population: Structure,"Population, total",2008,235360765
East Asia & Pacific,Indonesia,Health: Population: Structure,"Population, total",2007,232296830
East Asia & Pacific,Indonesia,Health: Population: Structure,"Population, total",2006,229263980
East Asia & Pacific,Indonesia,Health: Population: Structure,"Population, total",2005,226254703
East Asia & Pacific,Indonesia,Health: Population: Structure,"Population, total",2004,223268606
East Asia & Pacific,Indonesia,Health: Population: Structure,"Population, total",2003,220307809
East Asia & Pacific,Indonesia,Health: Population: Structure,"Population, total",2002,217369087
East Asia & Pacific,Indonesia,Health: Population: Structure,"Population, total",2001,214448301
East Asia & Pacific,Indonesia,Health: Population: Structure,"Population, total",2000,211540428
East Asia & Pacific,Indonesia,Health: Population: Structure,"Population, total",1999,208644079
East Asia & Pacific,Indonesia,Health: Population: Structure,"Population, total",1998,205753493
East Asia & Pacific,Indonesia,Health: Population: Structure,"Population, total",1997,202853850
East Asia & Pacific,Indonesia,Health: Population: Structure,"Population, total",1996,199926615
East Asia & Pacific,Indonesia,Health: Population: Structure,"Population, total",1995,196957845
East Asia & Pacific,Indonesia,Health: Population: Structure,"Population, total",1994,193939912
East Asia & Pacific,Indonesia,Health: Population: Structure,"Population, total",1993,190873248
East Asia & Pacific,Indonesia,Health: Population: Structure,"Population, total",1992,187762097
East Asia & Pacific,Indonesia,Health: Population: Structure,"Population, total",1991,184614740
East Asia & Pacific,Indonesia,Health: Population: Structure,"Population, total",1990,181436821
East Asia & Pacific,Japan,Health: Population: Structure,"Population, total",2010,128070000
East Asia & Pacific,Japan,Health: Population: Structure,"Population, total",2009,128047000
East Asia & Pacific,Japan,Health: Population: Structure,"Population, total",2008,128063000
East Asia & Pacific,Japan,Health: Population: Structure,"Population, total",2007,128001000
East Asia & Pacific,Japan,Health: Population: Structure,"Population, total",2006,127854000
East Asia & Pacific,Japan,Health: Population: Structure,"Population, total",2005,127773000
East Asia & Pacific,Japan,Health: Population: Structure,"Population, total",2004,127761000
East Asia & Pacific,Japan,Health: Population: Structure,"Population, total",2003,127718000
East Asia & Pacific,Japan,Health: Population: Structure,"Population, total",2002,127445000
East Asia & Pacific,Japan,Health: Population: Structure,"Population, total",2001,127149000
East Asia & Pacific,Japan,Health: Population: Structure,"Population, total",2000,126843000
East Asia & Pacific,Japan,Health: Population: Structure,"Population, total",1999,126631000
East Asia & Pacific,Japan,Health: Population: Structure,"Population, total",1998,126400000
East Asia & Pacific,Japan,Health: Population: Structure,"Population, total",1997,126057000
East Asia & Pacific,Japan,Health: Population: Structure,"Population, total",1996,125757000
East Asia & Pacific,Japan,Health: Population: Structure,"Population, total",1995,125439000
East Asia & Pacific,Japan,Health: Population: Structure,"Population, total",1994,124961000
East Asia & Pacific,Japan,Health: Population: Structure,"Population, total",1993,124536000
East Asia & Pacific,Japan,Health: Population: Structure,"Population, total",1992,124229000
East Asia & Pacific,Japan,Health: Population: Structure,"Population, total",1991,123921000
East Asia & Pacific,Japan,Health: Population: Structure,"Population, total",1990,123537000
East Asia & Pacific,Kiribati,Health: Population: Structure,"Population, total",2010,102648
East Asia & Pacific,Kiribati,Health: Population: Structure,"Population, total",2009,100566
East Asia & Pacific,Kiribati,Health: Population: Structure,"Population, total",2008,98437
East Asia & Pacific,Kiribati,Health: Population: Structure,"Population, total",2007,96310
East Asia & Pacific,Kiribati,Health: Population: Structure,"Population, total",2006,94257
East Asia & Pacific,Kiribati,Health: Population: Structure,"Population, total",2005,92329
East Asia & Pacific,Kiribati,Health: Population: Structure,"Population, total",2004,90545
East Asia & Pacific,Kiribati,Health: Population: Structure,"Population, total",2003,88892
East Asia & Pacific,Kiribati,Health: Population: Structure,"Population, total",2002,87343
East Asia & Pacific,Kiribati,Health: Population: Structure,"Population, total",2001,85858
East Asia & Pacific,Kiribati,Health: Population: Structure,"Population, total",2000,84406
East Asia & Pacific,Kiribati,Health: Population: Structure,"Population, total",1999,82969
East Asia & Pacific,Kiribati,Health: Population: Structure,"Population, total",1998,81556
East Asia & Pacific,Kiribati,Health: Population: Structure,"Population, total",1997,80190
East Asia & Pacific,Kiribati,Health: Population: Structure,"Population, total",1996,78907
East Asia & Pacific,Kiribati,Health: Population: Structure,"Population, total",1995,77727
East Asia & Pacific,Kiribati,Health: Population: Structure,"Population, total",1994,76674
East Asia & Pacific,Kiribati,Health: Population: Structure,"Population, total",1993,75722
East Asia & Pacific,Kiribati,Health: Population: Structure,"Population, total",1992,74773
East Asia & Pacific,Kiribati,Health: Population: Structure,"Population, total",1991,73698
East Asia & Pacific,Kiribati,Health: Population: Structure,"Population, total",1990,72411
East Asia & Pacific,"Korea, Dem. Rep.",Health: Population: Structure,"Population, total",2010,24500506
East Asia & Pacific,"Korea, Dem. Rep.",Health: Population: Structure,"Population, total",2009,24371806
East Asia & Pacific,"Korea, Dem. Rep.",Health: Population: Structure,"Population, total",2008,24243829
East Asia & Pacific,"Korea, Dem. Rep.",Health: Population: Structure,"Population, total",2007,24111945
East Asia & Pacific,"Korea, Dem. Rep.",Health: Population: Structure,"Population, total",2006,23969897
East Asia & Pacific,"Korea, Dem. Rep.",Health: Population: Structure,"Population, total",2005,23813324
East Asia & Pacific,"Korea, Dem. Rep.",Health: Population: Structure,"Population, total",2004,23639296
East Asia & Pacific,"Korea, Dem. Rep.",Health: Population: Structure,"Population, total",2003,23449173
East Asia & Pacific,"Korea, Dem. Rep.",Health: Population: Structure,"Population, total",2002,23248053
East Asia & Pacific,"Korea, Dem. Rep.",Health: Population: Structure,"Population, total",2001,23043441
East Asia & Pacific,"Korea, Dem. Rep.",Health: Population: Structure,"Population, total",2000,22840218
East Asia & Pacific,"Korea, Dem. Rep.",Health: Population: Structure,"Population, total",1999,22641747
East Asia & Pacific,"Korea, Dem. Rep.",Health: Population: Structure,"Population, total",1998,22444986
East Asia & Pacific,"Korea, Dem. Rep.",Health: Population: Structure,"Population, total",1997,22240826
East Asia & Pacific,"Korea, Dem. Rep.",Health: Population: Structure,"Population, total",1996,22016510
East Asia & Pacific,"Korea, Dem. Rep.",Health: Population: Structure,"Population, total",1995,21763670
East Asia & Pacific,"Korea, Dem. Rep.",Health: Population: Structure,"Population, total",1994,21478544
East Asia & Pacific,"Korea, Dem. Rep.",Health: Population: Structure,"Population, total",1993,21166230
East Asia & Pacific,"Korea, Dem. Rep.",Health: Population: Structure,"Population, total",1992,20838082
East Asia & Pacific,"Korea, Dem. Rep.",Health: Population: Structure,"Population, total",1991,20510208
East Asia & Pacific,"Korea, Dem. Rep.",Health: Population: Structure,"Population, total",1990,20194354
East Asia & Pacific,"Korea, Rep.",Health: Population: Structure,"Population, total",2010,49410366
East Asia & Pacific,"Korea, Rep.",Health: Population: Structure,"Population, total",2009,49182038
East Asia & Pacific,"Korea, Rep.",Health: Population: Structure,"Population, total",2008,48948698
East Asia & Pacific,"Korea, Rep.",Health: Population: Structure,"Population, total",2007,48597652
East Asia & Pacific,"Korea, Rep.",Health: Population: Structure,"Population, total",2006,48371946
East Asia & Pacific,"Korea, Rep.",Health: Population: Structure,"Population, total",2005,48138077
East Asia & Pacific,"Korea, Rep.",Health: Population: Structure,"Population, total",2004,48039415
East Asia & Pacific,"Korea, Rep.",Health: Population: Structure,"Population, total",2003,47859311
East Asia & Pacific,"Korea, Rep.",Health: Population: Structure,"Population, total",2002,47622179
East Asia & Pacific,"Korea, Rep.",Health: Population: Structure,"Population, total",2001,47357362
East Asia & Pacific,"Korea, Rep.",Health: Population: Structure,"Population, total",2000,47008111
East Asia & Pacific,"Korea, Rep.",Health: Population: Structure,"Population, total",1999,46616677
East Asia & Pacific,"Korea, Rep.",Health: Population: Structure,"Population, total",1998,46286503
East Asia & Pacific,"Korea, Rep.",Health: Population: Structure,"Population, total",1997,45953580
East Asia & Pacific,"Korea, Rep.",Health: Population: Structure,"Population, total",1996,45524681
East Asia & Pacific,"Korea, Rep.",Health: Population: Structure,"Population, total",1995,45092991
East Asia & Pacific,"Korea, Rep.",Health: Population: Structure,"Population, total",1994,44641540
East Asia & Pacific,"Korea, Rep.",Health: Population: Structure,"Population, total",1993,44194628
East Asia & Pacific,"Korea, Rep.",Health: Population: Structure,"Population, total",1992,43747962
East Asia & Pacific,"Korea, Rep.",Health: Population: Structure,"Population, total",1991,43295704
East Asia & Pacific,"Korea, Rep.",Health: Population: Structure,"Population, total",1990,42869283
East Asia & Pacific,Lao PDR,Health: Population: Structure,"Population, total",2010,6260544
East Asia & Pacific,Lao PDR,Health: Population: Structure,"Population, total",2009,6153153
East Asia & Pacific,Lao PDR,Health: Population: Structure,"Population, total",2008,6045439
East Asia & Pacific,Lao PDR,Health: Population: Structure,"Population, total",2007,5939634
East Asia & Pacific,Lao PDR,Health: Population: Structure,"Population, total",2006,5838837
East Asia & Pacific,Lao PDR,Health: Population: Structure,"Population, total",2005,5745012
East Asia & Pacific,Lao PDR,Health: Population: Structure,"Population, total",2004,5658894
East Asia & Pacific,Lao PDR,Health: Population: Structure,"Population, total",2003,5579003
East Asia & Pacific,Lao PDR,Health: Population: Structure,"Population, total",2002,5502340
East Asia & Pacific,Lao PDR,Health: Population: Structure,"Population, total",2001,5424701
East Asia & Pacific,Lao PDR,Health: Population: Structure,"Population, total",2000,5342879
East Asia & Pacific,Lao PDR,Health: Population: Structure,"Population, total",1999,5256207
East Asia & Pacific,Lao PDR,Health: Population: Structure,"Population, total",1998,5165072
East Asia & Pacific,Lao PDR,Health: Population: Structure,"Population, total",1997,5068658
East Asia & Pacific,Lao PDR,Health: Population: Structure,"Population, total",1996,4966303
East Asia & Pacific,Lao PDR,Health: Population: Structure,"Population, total",1995,4857774
East Asia & Pacific,Lao PDR,Health: Population: Structure,"Population, total",1994,4742685
East Asia & Pacific,Lao PDR,Health: Population: Structure,"Population, total",1993,4621685
East Asia & Pacific,Lao PDR,Health: Population: Structure,"Population, total",1992,4496971
East Asia & Pacific,Lao PDR,Health: Population: Structure,"Population, total",1991,4371549
East Asia & Pacific,Lao PDR,Health: Population: Structure,"Population, total",1990,4247839
East Asia & Pacific,"Macao SAR, China",Health: Population: Structure,"Population, total",2010,534626
East Asia & Pacific,"Macao SAR, China",Health: Population: Structure,"Population, total",2009,521405
East Asia & Pacific,"Macao SAR, China",Health: Population: Structure,"Population, total",2008,507274
East Asia & Pacific,"Macao SAR, China",Health: Population: Structure,"Population, total",2007,493022
East Asia & Pacific,"Macao SAR, China",Health: Population: Structure,"Population, total",2006,479728
East Asia & Pacific,"Macao SAR, China",Health: Population: Structure,"Population, total",2005,468149
East Asia & Pacific,"Macao SAR, China",Health: Population: Structure,"Population, total",2004,458579
East Asia & Pacific,"Macao SAR, China",Health: Population: Structure,"Population, total",2003,450754
East Asia & Pacific,"Macao SAR, China",Health: Population: Structure,"Population, total",2002,444178
East Asia & Pacific,"Macao SAR, China",Health: Population: Structure,"Population, total",2001,438088
East Asia & Pacific,"Macao SAR, China",Health: Population: Structure,"Population, total",2000,431907
East Asia & Pacific,"Macao SAR, China",Health: Population: Structure,"Population, total",1999,425448
East Asia & Pacific,"Macao SAR, China",Health: Population: Structure,"Population, total",1998,418810
East Asia & Pacific,"Macao SAR, China",Health: Population: Structure,"Population, total",1997,412031
East Asia & Pacific,"Macao SAR, China",Health: Population: Structure,"Population, total",1996,405231
East Asia & Pacific,"Macao SAR, China",Health: Population: Structure,"Population, total",1995,398459
East Asia & Pacific,"Macao SAR, China",Health: Population: Structure,"Population, total",1994,391783
East Asia & Pacific,"Macao SAR, China",Health: Population: Structure,"Population, total",1993,385041
East Asia & Pacific,"Macao SAR, China",Health: Population: Structure,"Population, total",1992,377799
East Asia & Pacific,"Macao SAR, China",Health: Population: Structure,"Population, total",1991,369484
East Asia & Pacific,"Macao SAR, China",Health: Population: Structure,"Population, total",1990,359735
East Asia & Pacific,Malaysia,Health: Population: Structure,"Population, total",2010,28119500
East Asia & Pacific,Malaysia,Health: Population: Structure,"Population, total",2009,27661017
East Asia & Pacific,Malaysia,Health: Population: Structure,"Population, total",2008,27197419
East Asia & Pacific,Malaysia,Health: Population: Structure,"Population, total",2007,26730607
East Asia & Pacific,Malaysia,Health: Population: Structure,"Population, total",2006,26263048
East Asia & Pacific,Malaysia,Health: Population: Structure,"Population, total",2005,25796124
East Asia & Pacific,Malaysia,Health: Population: Structure,"Population, total",2004,25332026
East Asia & Pacific,Malaysia,Health: Population: Structure,"Population, total",2003,24869423
East Asia & Pacific,Malaysia,Health: Population: Structure,"Population, total",2002,24401977
East Asia & Pacific,Malaysia,Health: Population: Structure,"Population, total",2001,23920963
East Asia & Pacific,Malaysia,Health: Population: Structure,"Population, total",2000,23420751
East Asia & Pacific,Malaysia,Health: Population: Structure,"Population, total",1999,22898579
East Asia & Pacific,Malaysia,Health: Population: Structure,"Population, total",1998,22358128
East Asia & Pacific,Malaysia,Health: Population: Structure,"Population, total",1997,21808125
East Asia & Pacific,Malaysia,Health: Population: Structure,"Population, total",1996,21260881
East Asia & Pacific,Malaysia,Health: Population: Structure,"Population, total",1995,20725374
East Asia & Pacific,Malaysia,Health: Population: Structure,"Population, total",1994,20205992
East Asia & Pacific,Malaysia,Health: Population: Structure,"Population, total",1993,19700762
East Asia & Pacific,Malaysia,Health: Population: Structure,"Population, total",1992,19204700
East Asia & Pacific,Malaysia,Health: Population: Structure,"Population, total",1991,18709835
East Asia & Pacific,Malaysia,Health: Population: Structure,"Population, total",1990,18211097
East Asia & Pacific,Marshall Islands,Health: Population: Structure,"Population, total",2010,52428
East Asia & Pacific,Marshall Islands,Health: Population: Structure,"Population, total",2009,52321
East Asia & Pacific,Marshall Islands,Health: Population: Structure,"Population, total",2008,52221
East Asia & Pacific,Marshall Islands,Health: Population: Structure,"Population, total",2007,52136
East Asia & Pacific,Marshall Islands,Health: Population: Structure,"Population, total",2006,52080
East Asia & Pacific,Marshall Islands,Health: Population: Structure,"Population, total",2005,52058
East Asia & Pacific,Marshall Islands,Health: Population: Structure,"Population, total",2004,52074
East Asia & Pacific,Marshall Islands,Health: Population: Structure,"Population, total",2003,52115
East Asia & Pacific,Marshall Islands,Health: Population: Structure,"Population, total",2002,52161
East Asia & Pacific,Marshall Islands,Health: Population: Structure,"Population, total",2001,52184
East Asia & Pacific,Marshall Islands,Health: Population: Structure,"Population, total",2000,52161
East Asia & Pacific,Marshall Islands,Health: Population: Structure,"Population, total",1999,52076
East Asia & Pacific,Marshall Islands,Health: Population: Structure,"Population, total",1998,51922
East Asia & Pacific,Marshall Islands,Health: Population: Structure,"Population, total",1997,51697
East Asia & Pacific,Marshall Islands,Health: Population: Structure,"Population, total",1996,51397
East Asia & Pacific,Marshall Islands,Health: Population: Structure,"Population, total",1995,51020
East Asia & Pacific,Marshall Islands,Health: Population: Structure,"Population, total",1994,50577
East Asia & Pacific,Marshall Islands,Health: Population: Structure,"Population, total",1993,50052
East Asia & Pacific,Marshall Islands,Health: Population: Structure,"Population, total",1992,49382
East Asia & Pacific,Marshall Islands,Health: Population: Structure,"Population, total",1991,48481
East Asia & Pacific,Marshall Islands,Health: Population: Structure,"Population, total",1990,47300
East Asia & Pacific,"Micronesia, Fed. Sts.",Health: Population: Structure,"Population, total",2010,103619
East Asia & Pacific,"Micronesia, Fed. Sts.",Health: Population: Structure,"Population, total",2009,103961
East Asia & Pacific,"Micronesia, Fed. Sts.",Health: Population: Structure,"Population, total",2008,104472
East Asia & Pacific,"Micronesia, Fed. Sts.",Health: Population: Structure,"Population, total",2007,105080
East Asia & Pacific,"Micronesia, Fed. Sts.",Health: Population: Structure,"Population, total",2006,105680
East Asia & Pacific,"Micronesia, Fed. Sts.",Health: Population: Structure,"Population, total",2005,106198
East Asia & Pacific,"Micronesia, Fed. Sts.",Health: Population: Structure,"Population, total",2004,106575
East Asia & Pacific,"Micronesia, Fed. Sts.",Health: Population: Structure,"Population, total",2003,106816
East Asia & Pacific,"Micronesia, Fed. Sts.",Health: Population: Structure,"Population, total",2002,106983
East Asia & Pacific,"Micronesia, Fed. Sts.",Health: Population: Structure,"Population, total",2001,107170
East Asia & Pacific,"Micronesia, Fed. Sts.",Health: Population: Structure,"Population, total",2000,107430
East Asia & Pacific,"Micronesia, Fed. Sts.",Health: Population: Structure,"Population, total",1999,107808
East Asia & Pacific,"Micronesia, Fed. Sts.",Health: Population: Structure,"Population, total",1998,108236
East Asia & Pacific,"Micronesia, Fed. Sts.",Health: Population: Structure,"Population, total",1997,108506
East Asia & Pacific,"Micronesia, Fed. Sts.",Health: Population: Structure,"Population, total",1996,108342
East Asia & Pacific,"Micronesia, Fed. Sts.",Health: Population: Structure,"Population, total",1995,107556
East Asia & Pacific,"Micronesia, Fed. Sts.",Health: Population: Structure,"Population, total",1994,106057
East Asia & Pacific,"Micronesia, Fed. Sts.",Health: Population: Structure,"Population, total",1993,103937
East Asia & Pacific,"Micronesia, Fed. Sts.",Health: Population: Structure,"Population, total",1992,101412
East Asia & Pacific,"Micronesia, Fed. Sts.",Health: Population: Structure,"Population, total",1991,98800
East Asia & Pacific,"Micronesia, Fed. Sts.",Health: Population: Structure,"Population, total",1990,96331
East Asia & Pacific,Mongolia,Health: Population: Structure,"Population, total",2010,2712657
East Asia & Pacific,Mongolia,Health: Population: Structure,"Population, total",2009,2669572
East Asia & Pacific,Mongolia,Health: Population: Structure,"Population, total",2008,2629666
East Asia & Pacific,Mongolia,Health: Population: Structure,"Population, total",2007,2592776
East Asia & Pacific,Mongolia,Health: Population: Structure,"Population, total",2006,2558484
East Asia & Pacific,Mongolia,Health: Population: Structure,"Population, total",2005,2526447
East Asia & Pacific,Mongolia,Health: Population: Structure,"Population, total",2004,2496621
East Asia & Pacific,Mongolia,Health: Population: Structure,"Population, total",2003,2469045
East Asia & Pacific,Mongolia,Health: Population: Structure,"Population, total",2002,2443503
East Asia & Pacific,Mongolia,Health: Population: Structure,"Population, total",2001,2419729
East Asia & Pacific,Mongolia,Health: Population: Structure,"Population, total",2000,2397438
East Asia & Pacific,Mongolia,Health: Population: Structure,"Population, total",1999,2376165
East Asia & Pacific,Mongolia,Health: Population: Structure,"Population, total",1998,2355588
East Asia & Pacific,Mongolia,Health: Population: Structure,"Population, total",1997,2335694
East Asia & Pacific,Mongolia,Health: Population: Structure,"Population, total",1996,2316571
East Asia & Pacific,Mongolia,Health: Population: Structure,"Population, total",1995,2298038
East Asia & Pacific,Mongolia,Health: Population: Structure,"Population, total",1994,2280495
East Asia & Pacific,Mongolia,Health: Population: Structure,"Population, total",1993,2263204
East Asia & Pacific,Mongolia,Health: Population: Structure,"Population, total",1992,2243506
East Asia & Pacific,Mongolia,Health: Population: Structure,"Population, total",1991,2217920
East Asia & Pacific,Mongolia,Health: Population: Structure,"Population, total",1990,2184145
East Asia & Pacific,Myanmar,Health: Population: Structure,"Population, total",2010,51733013
East Asia & Pacific,Myanmar,Health: Population: Structure,"Population, total",2009,51369725
East Asia & Pacific,Myanmar,Health: Population: Structure,"Population, total",2008,51030006
East Asia & Pacific,Myanmar,Health: Population: Structure,"Population, total",2007,50698814
East Asia & Pacific,Myanmar,Health: Population: Structure,"Population, total",2006,50355559
East Asia & Pacific,Myanmar,Health: Population: Structure,"Population, total",2005,49984704
East Asia & Pacific,Myanmar,Health: Population: Structure,"Population, total",2004,49582751
East Asia & Pacific,Myanmar,Health: Population: Structure,"Population, total",2003,49151958
East Asia & Pacific,Myanmar,Health: Population: Structure,"Population, total",2002,48689952
East Asia & Pacific,Myanmar,Health: Population: Structure,"Population, total",2001,48195684
East Asia & Pacific,Myanmar,Health: Population: Structure,"Population, total",2000,47669791
East Asia & Pacific,Myanmar,Health: Population: Structure,"Population, total",1999,47106923
East Asia & Pacific,Myanmar,Health: Population: Structure,"Population, total",1998,46509586
East Asia & Pacific,Myanmar,Health: Population: Structure,"Population, total",1997,45895991
East Asia & Pacific,Myanmar,Health: Population: Structure,"Population, total",1996,45290888
East Asia & Pacific,Myanmar,Health: Population: Structure,"Population, total",1995,44710931
East Asia & Pacific,Myanmar,Health: Population: Structure,"Population, total",1994,44164109
East Asia & Pacific,Myanmar,Health: Population: Structure,"Population, total",1993,43642311
East Asia & Pacific,Myanmar,Health: Population: Structure,"Population, total",1992,43126260
East Asia & Pacific,Myanmar,Health: Population: Structure,"Population, total",1991,42588029
East Asia & Pacific,Myanmar,Health: Population: Structure,"Population, total",1990,42007309
East Asia & Pacific,New Caledonia,Health: Population: Structure,"Population, total",2010,250000
East Asia & Pacific,New Caledonia,Health: Population: Structure,"Population, total",2009,246245
East Asia & Pacific,New Caledonia,Health: Population: Structure,"Population, total",2008,242546
East Asia & Pacific,New Caledonia,Health: Population: Structure,"Population, total",2007,238902
East Asia & Pacific,New Caledonia,Health: Population: Structure,"Population, total",2006,235314
East Asia & Pacific,New Caledonia,Health: Population: Structure,"Population, total",2005,231779
East Asia & Pacific,New Caledonia,Health: Population: Structure,"Population, total",2004,228297
East Asia & Pacific,New Caledonia,Health: Population: Structure,"Population, total",2003,224868
East Asia & Pacific,New Caledonia,Health: Population: Structure,"Population, total",2002,221490
East Asia & Pacific,New Caledonia,Health: Population: Structure,"Population, total",2001,217324
East Asia & Pacific,New Caledonia,Health: Population: Structure,"Population, total",2000,213230
East Asia & Pacific,New Caledonia,Health: Population: Structure,"Population, total",1999,209214
East Asia & Pacific,New Caledonia,Health: Population: Structure,"Population, total",1998,205279
East Asia & Pacific,New Caledonia,Health: Population: Structure,"Population, total",1997,201418
East Asia & Pacific,New Caledonia,Health: Population: Structure,"Population, total",1996,197564
East Asia & Pacific,New Caledonia,Health: Population: Structure,"Population, total",1995,193816
East Asia & Pacific,New Caledonia,Health: Population: Structure,"Population, total",1994,189482
East Asia & Pacific,New Caledonia,Health: Population: Structure,"Population, total",1993,184496
East Asia & Pacific,New Caledonia,Health: Population: Structure,"Population, total",1992,179799
East Asia & Pacific,New Caledonia,Health: Population: Structure,"Population, total",1991,175362
East Asia & Pacific,New Caledonia,Health: Population: Structure,"Population, total",1990,170899
East Asia & Pacific,New Zealand,Health: Population: Structure,"Population, total",2010,4350700
East Asia & Pacific,New Zealand,Health: Population: Structure,"Population, total",2009,4302600
East Asia & Pacific,New Zealand,Health: Population: Structure,"Population, total",2008,4259800
East Asia & Pacific,New Zealand,Health: Population: Structure,"Population, total",2007,4223800
East Asia & Pacific,New Zealand,Health: Population: Structure,"Population, total",2006,4184600
East Asia & Pacific,New Zealand,Health: Population: Structure,"Population, total",2005,4133900
East Asia & Pacific,New Zealand,Health: Population: Structure,"Population, total",2004,4087500
East Asia & Pacific,New Zealand,Health: Population: Structure,"Population, total",2003,4027200
East Asia & Pacific,New Zealand,Health: Population: Structure,"Population, total",2002,3948500
East Asia & Pacific,New Zealand,Health: Population: Structure,"Population, total",2001,3880500
East Asia & Pacific,New Zealand,Health: Population: Structure,"Population, total",2000,3857700
East Asia & Pacific,New Zealand,Health: Population: Structure,"Population, total",1999,3835100
East Asia & Pacific,New Zealand,Health: Population: Structure,"Population, total",1998,3815000
East Asia & Pacific,New Zealand,Health: Population: Structure,"Population, total",1997,3781300
East Asia & Pacific,New Zealand,Health: Population: Structure,"Population, total",1996,3732000
East Asia & Pacific,New Zealand,Health: Population: Structure,"Population, total",1995,3673400
East Asia & Pacific,New Zealand,Health: Population: Structure,"Population, total",1994,3620000
East Asia & Pacific,New Zealand,Health: Population: Structure,"Population, total",1993,3572200
East Asia & Pacific,New Zealand,Health: Population: Structure,"Population, total",1992,3531700
East Asia & Pacific,New Zealand,Health: Population: Structure,"Population, total",1991,3495100
East Asia & Pacific,New Zealand,Health: Population: Structure,"Population, total",1990,3329800
East Asia & Pacific,Northern Mariana Islands,Health: Population: Structure,"Population, total",2010,53860
East Asia & Pacific,Northern Mariana Islands,Health: Population: Structure,"Population, total",2009,55276
East Asia & Pacific,Northern Mariana Islands,Health: Population: Structure,"Population, total",2008,57343
East Asia & Pacific,Northern Mariana Islands,Health: Population: Structure,"Population, total",2007,59791
East Asia & Pacific,Northern Mariana Islands,Health: Population: Structure,"Population, total",2006,62235
East Asia & Pacific,Northern Mariana Islands,Health: Population: Structure,"Population, total",2005,64372
East Asia & Pacific,Northern Mariana Islands,Health: Population: Structure,"Population, total",2004,66143
East Asia & Pacific,Northern Mariana Islands,Health: Population: Structure,"Population, total",2003,67562
East Asia & Pacific,Northern Mariana Islands,Health: Population: Structure,"Population, total",2002,68499
East Asia & Pacific,Northern Mariana Islands,Health: Population: Structure,"Population, total",2001,68817
East Asia & Pacific,Northern Mariana Islands,Health: Population: Structure,"Population, total",2000,68434
East Asia & Pacific,Northern Mariana Islands,Health: Population: Structure,"Population, total",1999,67271
East Asia & Pacific,Northern Mariana Islands,Health: Population: Structure,"Population, total",1998,65374
East Asia & Pacific,Northern Mariana Islands,Health: Population: Structure,"Population, total",1997,62939
East Asia & Pacific,Northern Mariana Islands,Health: Population: Structure,"Population, total",1996,60248
East Asia & Pacific,Northern Mariana Islands,Health: Population: Structure,"Population, total",1995,57518
East Asia & Pacific,Northern Mariana Islands,Health: Population: Structure,"Population, total",1994,54817
East Asia & Pacific,Northern Mariana Islands,Health: Population: Structure,"Population, total",1993,52120
East Asia & Pacific,Northern Mariana Islands,Health: Population: Structure,"Population, total",1992,49429
East Asia & Pacific,Northern Mariana Islands,Health: Population: Structure,"Population, total",1991,46719
East Asia & Pacific,Northern Mariana Islands,Health: Population: Structure,"Population, total",1990,43972
East Asia & Pacific,Palau,Health: Population: Structure,"Population, total",2010,20470
East Asia & Pacific,Palau,Health: Population: Structure,"Population, total",2009,20344
East Asia & Pacific,Palau,Health: Population: Structure,"Population, total",2008,20227
East Asia & Pacific,Palau,Health: Population: Structure,"Population, total",2007,20118
East Asia & Pacific,Palau,Health: Population: Structure,"Population, total",2006,20012
East Asia & Pacific,Palau,Health: Population: Structure,"Population, total",2005,19907
East Asia & Pacific,Palau,Health: Population: Structure,"Population, total",2004,19805
East Asia & Pacific,Palau,Health: Population: Structure,"Population, total",2003,19700
East Asia & Pacific,Palau,Health: Population: Structure,"Population, total",2002,19575
East Asia & Pacific,Palau,Health: Population: Structure,"Population, total",2001,19404
East Asia & Pacific,Palau,Health: Population: Structure,"Population, total",2000,19174
East Asia & Pacific,Palau,Health: Population: Structure,"Population, total",1999,18878
East Asia & Pacific,Palau,Health: Population: Structure,"Population, total",1998,18524
East Asia & Pacific,Palau,Health: Population: Structure,"Population, total",1997,18123
East Asia & Pacific,Palau,Health: Population: Structure,"Population, total",1996,17695
East Asia & Pacific,Palau,Health: Population: Structure,"Population, total",1995,17255
East Asia & Pacific,Palau,Health: Population: Structure,"Population, total",1994,16805
East Asia & Pacific,Palau,Health: Population: Structure,"Population, total",1993,16345
East Asia & Pacific,Palau,Health: Population: Structure,"Population, total",1992,15894
East Asia & Pacific,Palau,Health: Population: Structure,"Population, total",1991,15471
East Asia & Pacific,Palau,Health: Population: Structure,"Population, total",1990,15089
East Asia & Pacific,Papua New Guinea,Health: Population: Structure,"Population, total",2010,6847517
East Asia & Pacific,Papua New Guinea,Health: Population: Structure,"Population, total",2009,6693799
East Asia & Pacific,Papua New Guinea,Health: Population: Structure,"Population, total",2008,6540267
East Asia & Pacific,Papua New Guinea,Health: Population: Structure,"Population, total",2007,6387470
East Asia & Pacific,Papua New Guinea,Health: Population: Structure,"Population, total",2006,6236158
East Asia & Pacific,Papua New Guinea,Health: Population: Structure,"Population, total",2005,6086905
East Asia & Pacific,Papua New Guinea,Health: Population: Structure,"Population, total",2004,5940048
East Asia & Pacific,Papua New Guinea,Health: Population: Structure,"Population, total",2003,5795571
East Asia & Pacific,Papua New Guinea,Health: Population: Structure,"Population, total",2002,5653284
East Asia & Pacific,Papua New Guinea,Health: Population: Structure,"Population, total",2001,5512835
East Asia & Pacific,Papua New Guinea,Health: Population: Structure,"Population, total",2000,5374051
East Asia & Pacific,Papua New Guinea,Health: Population: Structure,"Population, total",1999,5236863
East Asia & Pacific,Papua New Guinea,Health: Population: Structure,"Population, total",1998,5101633
East Asia & Pacific,Papua New Guinea,Health: Population: Structure,"Population, total",1997,4969116
East Asia & Pacific,Papua New Guinea,Health: Population: Structure,"Population, total",1996,4840311
East Asia & Pacific,Papua New Guinea,Health: Population: Structure,"Population, total",1995,4715929
East Asia & Pacific,Papua New Guinea,Health: Population: Structure,"Population, total",1994,4596131
East Asia & Pacific,Papua New Guinea,Health: Population: Structure,"Population, total",1993,4480689
East Asia & Pacific,Papua New Guinea,Health: Population: Structure,"Population, total",1992,4369407
East Asia & Pacific,Papua New Guinea,Health: Population: Structure,"Population, total",1991,4261933
East Asia & Pacific,Papua New Guinea,Health: Population: Structure,"Population, total",1990,4157903
East Asia & Pacific,Philippines,Health: Population: Structure,"Population, total",2010,93038902
East Asia & Pacific,Philippines,Health: Population: Structure,"Population, total",2009,91641881
East Asia & Pacific,Philippines,Health: Population: Structure,"Population, total",2008,90297115
East Asia & Pacific,Philippines,Health: Population: Structure,"Population, total",2007,88965508
East Asia & Pacific,Philippines,Health: Population: Structure,"Population, total",2006,87592899
East Asia & Pacific,Philippines,Health: Population: Structure,"Population, total",2005,86141373
East Asia & Pacific,Philippines,Health: Population: Structure,"Population, total",2004,84596249
East Asia & Pacific,Philippines,Health: Population: Structure,"Population, total",2003,82971734
East Asia & Pacific,Philippines,Health: Population: Structure,"Population, total",2002,81294378
East Asia & Pacific,Philippines,Health: Population: Structure,"Population, total",2001,79604541
East Asia & Pacific,Philippines,Health: Population: Structure,"Population, total",2000,77932247
East Asia & Pacific,Philippines,Health: Population: Structure,"Population, total",1999,76285225
East Asia & Pacific,Philippines,Health: Population: Structure,"Population, total",1998,74656228
East Asia & Pacific,Philippines,Health: Population: Structure,"Population, total",1997,73042605
East Asia & Pacific,Philippines,Health: Population: Structure,"Population, total",1996,71437381
East Asia & Pacific,Philippines,Health: Population: Structure,"Population, total",1995,69835713
East Asia & Pacific,Philippines,Health: Population: Structure,"Population, total",1994,68240134
East Asia & Pacific,Philippines,Health: Population: Structure,"Population, total",1993,66654954
East Asia & Pacific,Philippines,Health: Population: Structure,"Population, total",1992,65078901
East Asia & Pacific,Philippines,Health: Population: Structure,"Population, total",1991,63509940
East Asia & Pacific,Philippines,Health: Population: Structure,"Population, total",1990,61947340
East Asia & Pacific,Samoa,Health: Population: Structure,"Population, total",2010,186029
East Asia & Pacific,Samoa,Health: Population: Structure,"Population, total",2009,184700
East Asia & Pacific,Samoa,Health: Population: Structure,"Population, total",2008,183440
East Asia & Pacific,Samoa,Health: Population: Structure,"Population, total",2007,182238
East Asia & Pacific,Samoa,Health: Population: Structure,"Population, total",2006,181072
East Asia & Pacific,Samoa,Health: Population: Structure,"Population, total",2005,179928
East Asia & Pacific,Samoa,Health: Population: Structure,"Population, total",2004,178794
East Asia & Pacific,Samoa,Health: Population: Structure,"Population, total",2003,177677
East Asia & Pacific,Samoa,Health: Population: Structure,"Population, total",2002,176592
East Asia & Pacific,Samoa,Health: Population: Structure,"Population, total",2001,175567
East Asia & Pacific,Samoa,Health: Population: Structure,"Population, total",2000,174614
East Asia & Pacific,Samoa,Health: Population: Structure,"Population, total",1999,173758
East Asia & Pacific,Samoa,Health: Population: Structure,"Population, total",1998,172979
East Asia & Pacific,Samoa,Health: Population: Structure,"Population, total",1997,172191
East Asia & Pacific,Samoa,Health: Population: Structure,"Population, total",1996,171276
East Asia & Pacific,Samoa,Health: Population: Structure,"Population, total",1995,170158
East Asia & Pacific,Samoa,Health: Population: Structure,"Population, total",1994,168786
East Asia & Pacific,Samoa,Health: Population: Structure,"Population, total",1993,167206
East Asia & Pacific,Samoa,Health: Population: Structure,"Population, total",1992,165568
East Asia & Pacific,Samoa,Health: Population: Structure,"Population, total",1991,164073
East Asia & Pacific,Samoa,Health: Population: Structure,"Population, total",1990,162865
East Asia & Pacific,Singapore,Health: Population: Structure,"Population, total",2010,5076700
East Asia & Pacific,Singapore,Health: Population: Structure,"Population, total",2009,4987600
East Asia & Pacific,Singapore,Health: Population: Structure,"Population, total",2008,4839400
East Asia & Pacific,Singapore,Health: Population: Structure,"Population, total",2007,4588600
East Asia & Pacific,Singapore,Health: Population: Structure,"Population, total",2006,4401400
East Asia & Pacific,Singapore,Health: Population: Structure,"Population, total",2005,4265800
East Asia & Pacific,Singapore,Health: Population: Structure,"Population, total",2004,4166700
East Asia & Pacific,Singapore,Health: Population: Structure,"Population, total",2003,4114800
East Asia & Pacific,Singapore,Health: Population: Structure,"Population, total",2002,4176000
East Asia & Pacific,Singapore,Health: Population: Structure,"Population, total",2001,4138000
East Asia & Pacific,Singapore,Health: Population: Structure,"Population, total",2000,4027900
East Asia & Pacific,Singapore,Health: Population: Structure,"Population, total",1999,3958700
East Asia & Pacific,Singapore,Health: Population: Structure,"Population, total",1998,3927200
East Asia & Pacific,Singapore,Health: Population: Structure,"Population, total",1997,3796000
East Asia & Pacific,Singapore,Health: Population: Structure,"Population, total",1996,3670700
East Asia & Pacific,Singapore,Health: Population: Structure,"Population, total",1995,3524500
East Asia & Pacific,Singapore,Health: Population: Structure,"Population, total",1994,3419000
